x1,y1,x2,y2,x3,y3,x4,y4,x5,y5,x6,y6,x7,y7,x8,y8,x9,y9,x10,y10,x11,y11,x12,y12,x13,y13,x14,y14,x15,y15
94,51,95,71,105,120,57,78,42,102,39,133,129,81,155,103,176,124,89,142,92,177,104,216,132,135,157,163,159,213
95,52,94,70,105,121,58,78,41,102,40,133,128,80,154,102,175,125,90,142,91,178,103,216,132,136,158,163,159,213
95,52,95,71,104,119,57,78,43,103,40,133,130,82,155,103,175,125,89,143,91,177,105,215,132,134,156,164,160,214
93,52,95,70,106,119,56,79,42,103,39,132,128,81,154,102,177,123,88,143,91,178,103,217,131,136,157,162,160,214
95,50,95,71,104,121,56,79,43,102,40,132,130,81,154,102,177,125,88,143,93,177,103,216,131,136,156,163,159,214
95,52,96,70,104,121,56,77,43,101,40,133,129,82,154,102,176,124,89,142,91,177,105,216,133,135,156,163,160,212
94,52,96,72,105,121,58,77,42,102,39,134,128,81,154,102,175,124,88,142,92,178,103,216,133,134,156,163,159,212
94,50,94,71,105,119,57,77,43,101,39,134,129,81,154,102,175,123,90,141,92,176,103,216,131,136,158,162,160,212
93,51,94,71,105,120,56,78,43,103,38,133,129,82,154,104,176,125,90,143,93,176,104,216,132,134,157,164,160,212
95,50,95,70,106,120,57,79,41,101,40,134,129,80,156,103,175,124,89,141,93,178,103,217,133,136,156,162,160,213
93,50,94,70,106,121,56,78,41,102,40,132,129,82,155,103,177,123,90,142,93,178,105,217,133,136,157,163,159,213
95,50,96,71,106,120,57,79,43,102,39,133,130,82,154,104,175,123,90,141,92,178,104,216,131,134,158,162,158,212
95,52,95,71,104,121,58,79,42,102,38,132,128,82,155,103,175,125,90,142,92,176,103,215,132,136,158,163,159,214
93,51,95,70,105,119,58,78,41,102,40,134,129,80,154,103,175,124,89,142,93,178,104,216,132,136,156,163,158,214
94,50,94,71,106,121,58,79,43,101,39,132,129,81,155,103,176,125,89,142,93,177,105,215,131,134,157,163,160,213
94,50,94,72,105,120,56,78,43,102,38,133,129,82,156,102,175,125,90,142,93,178,103,216,131,136,157,164,160,212
93,52,96,70,106,120,58,77,42,103,40,132,128,82,156,103,177,125,89,142,93,177,103,217,132,134,158,164,160,212
95,50,96,71,106,119,57,79,42,103,38,134,128,80,155,103,175,124,89,141,93,178,105,217,131,136,157,164,159,212
93,50,95,71,106,120,56,77,42,101,38,133,128,81,154,103,175,124,90,143,92,178,104,215,132,136,157,162,160,213
95,50,95,71,104,120,56,77,43,101,39,134,129,81,156,104,176,125,89,141,92,177,105,216,132,135,157,163,159,213
94,50,96,70,104,121,58,78,42,102,39,134,130,82,154,103,175,124,88,141,92,177,104,217,132,134,156,164,159,213
94,51,94,70,106,121,58,77,43,103,38,132,130,82,154,104,176,125,89,143,91,176,103,217,131,135,157,164,160,214
93,50,94,70,106,120,56,77,43,103,38,132,129,80,154,103,175,125,88,141,93,177,104,215,132,135,158,163,159,212
93,51,96,72,105,121,57,79,43,102,38,132,130,82,155,104,176,125,89,143,91,176,103,216,133,136,156,164,160,214
93,52,95,72,106,119,57,77,41,103,39,134,129,81,154,104,176,124,89,142,93,176,105,216,133,136,156,162,159,213
93,50,96,71,104,120,56,78,42,101,38,132,128,80,156,104,177,124,89,141,93,177,105,217,133,135,157,164,160,214
95,51,96,71,105,121,56,77,42,101,39,134,129,82,154,103,176,124,90,143,93,176,103,215,133,136,156,164,159,213
94,51,94,70,104,119,56,77,43,103,40,133,129,80,156,103,176,124,90,143,91,176,104,217,132,135,158,163,159,214
95,51,96,70,105,121,57,79,41,103,40,134,130,80,155,104,177,125,89,143,92,177,104,216,132,135,157,164,158,213
95,52,96,72,104,119,56,78,41,102,40,134,129,82,155,104,177,123,90,142,93,176,104,216,133,135,158,163,160,214
93,51,96,72,106,121,56,77,43,102,40,133,130,81,156,104,176,123,88,141,93,176,105,216,131,134,157,164,158,212
93,50,95,72,105,121,56,79,41,101,40,132,130,80,156,102,176,125,89,141,92,178,104,217,131,136,156,163,158,212
94,52,95,72,106,121,58,78,43,102,38,133,128,80,154,103,177,125,89,141,91,176,103,216,131,134,158,162,158,214
93,50,94,70,104,121,58,78,43,101,39,133,129,82,155,103,177,124,89,142,92,176,104,216,132,134,158,163,158,213
95,51,96,71,104,120,56,78,41,101,39,133,130,81,154,104,176,125,89,143,91,176,105,215,133,135,156,162,158,212
95,50,96,70,105,121,56,77,41,101,39,134,129,80,154,102,176,123,88,142,91,176,104,215,133,135,156,163,160,213
93,50,95,71,105,121,58,78,41,101,38,134,129,82,154,104,177,125,90,142,93,178,103,215,132,135,158,164,160,214
93,50,96,70,104,120,56,77,42,103,40,132,130,82,155,103,175,123,88,142,91,178,105,216,131,136,158,163,158,213
94,52,95,71,105,119,57,77,43,101,39,132,128,80,155,104,176,125,89,141,93,176,103,216,131,136,156,164,158,213
93,52,94,72,104,119,58,79,43,101,40,132,129,80,156,103,175,125,89,141,91,176,105,215,133,136,157,163,159,214
95,50,96,71,104,120,58,77,41,103,39,132,128,80,154,102,176,123,88,143,92,176,104,217,133,134,158,163,160,214
95,51,96,72,104,119,57,77,43,103,38,134,129,81,156,103,175,125,89,143,92,178,104,217,133,135,157,163,158,213
93,51,96,72,106,121,57,79,42,101,39,132,128,80,154,103,176,124,90,142,92,176,105,217,133,136,158,163,158,213
95,51,96,70,105,120,57,78,41,103,39,132,129,81,156,102,176,125,89,141,93,177,105,217,133,134,158,162,159,213
94,51,96,72,104,120,56,77,41,103,40,132,130,82,154,102,177,123,89,143,93,176,103,217,133,136,157,164,160,212
95,50,95,71,105,120,58,79,42,102,39,134,130,80,154,102,176,125,89,142,92,178,104,217,131,134,156,162,160,213
95,51,94,71,104,119,58,78,42,103,39,133,128,82,154,104,176,125,88,142,91,176,105,217,131,134,157,164,160,213
93,52,94,71,105,120,57,77,41,103,38,134,128,80,155,102,176,124,88,143,93,178,103,216,133,136,157,164,160,214
94,52,94,72,106,119,56,77,42,103,38,132,130,81,156,102,176,125,88,143,91,178,104,215,131,135,157,163,160,212
116,39,117,68,118,111,85,74,64,97,49,124,156,72,172,96,183,124,96,136,87,172,83,222,145,133,147,173,150,222
117,39,116,68,119,111,86,75,65,97,48,123,155,71,171,95,182,124,97,136,88,171,83,223,145,133,147,174,149,223
115,39,117,68,117,110,85,73,65,97,50,124,157,73,173,97,182,124,96,135,87,171,82,223,146,133,147,174,149,221
115,39,118,67,117,112,84,73,64,98,49,123,157,73,172,97,184,124,95,136,88,172,84,222,146,133,147,173,149,222
116,40,117,69,119,111,85,74,65,96,48,123,155,71,172,95,183,124,96,135,87,172,82,222,144,132,148,172,150,222
117,38,116,69,117,112,84,73,65,98,48,125,156,71,172,95,184,123,95,136,88,173,83,221,144,134,148,174,150,221
115,39,116,69,118,111,85,73,63,97,49,123,155,71,173,96,182,123,96,137,86,172,83,221,146,134,148,174,150,222
115,39,116,69,117,111,85,73,65,97,50,125,155,73,172,95,182,123,95,136,87,173,83,221,146,134,146,172,151,223
117,40,116,67,118,111,84,73,64,97,48,123,157,71,173,96,184,123,95,136,86,171,82,223,144,133,148,174,151,222
116,40,118,69,119,110,86,75,63,96,49,125,156,71,172,95,182,123,96,137,88,173,83,221,144,134,146,173,151,223
116,40,116,68,117,110,86,74,63,97,49,123,156,72,171,97,182,125,95,135,88,172,83,222,146,134,148,173,151,222
115,38,117,68,117,110,84,74,63,96,48,125,157,72,171,96,182,123,97,137,86,172,82,221,145,134,146,172,150,222
117,40,117,67,118,112,85,74,65,98,50,123,157,71,171,96,182,123,95,135,87,173,84,223,144,132,146,172,151,223
116,39,118,69,119,110,86,75,65,96,50,123,155,73,171,95,182,124,97,136,88,172,84,221,146,133,148,174,149,221
115,40,116,68,119,112,86,75,64,97,50,123,156,71,172,97,183,123,96,137,87,173,82,222,144,132,148,173,149,222
117,39,118,69,117,112,85,73,63,97,50,124,156,73,171,97,184,123,96,136,87,172,84,222,146,133,147,174,151,221
117,40,116,68,118,110,84,74,63,97,50,124,155,71,172,97,183,125,95,137,86,172,84,221,144,134,146,174,150,221
117,39,116,69,117,110,85,73,63,96,48,123,157,73,172,95,183,123,96,135,87,173,84,221,144,134,147,174,150,222
116,40,117,69,119,112,85,74,64,97,50,124,155,73,173,96,183,125,95,135,87,171,82,223,144,134,146,173,149,222
115,38,118,67,117,112,84,73,65,98,49,123,156,71,171,95,182,123,97,135,88,171,83,223,144,133,146,173,151,222
116,38,116,68,117,112,85,73,63,98,49,124,156,72,171,96,182,125,95,136,87,172,82,221,146,133,148,174,151,221
116,39,116,67,119,111,84,74,64,97,50,125,156,72,171,95,184,124,95,135,86,171,84,222,144,133,147,173,150,221
116,39,116,68,119,112,84,74,64,96,48,124,155,72,172,96,183,125,95,136,87,173,84,222,146,134,147,173,151,223
115,40,117,68,119,110,85,74,63,98,49,123,155,72,172,95,182,123,95,137,88,172,84,222,144,134,148,173,150,223
115,39,116,68,119,112,86,73,65,98,50,123,155,71,171,97,182,123,97,137,88,171,83,223,146,133,146,172,151,222
117,38,118,67,118,112,84,73,63,96,50,124,155,72,173,95,183,124,97,137,86,171,84,222,144,133,148,172,151,223
115,38,118,67,118,110,85,73,63,98,49,125,156,71,172,95,183,123,95,135,87,173,83,221,145,133,148,173,149,223
117,39,117,69,117,111,86,75,65,97,50,124,157,71,173,96,182,124,95,136,88,173,83,222,144,134,147,172,149,221
115,38,118,68,117,112,84,74,65,96,49,123,155,73,172,97,182,124,95,136,87,171,84,222,144,134,146,172,150,223
115,40,117,67,117,110,84,73,63,96,49,125,157,72,173,97,183,124,97,135,86,172,84,223,146,133,148,172,149,221
116,39,116,67,117,110,85,74,63,96,48,124,157,73,172,97,182,124,97,137,86,173,84,222,146,132,148,174,150,223
116,40,118,67,119,110,85,74,64,98,50,123,156,73,173,96,183,123,95,136,87,173,82,223,146,133,147,174,150,223
116,38,118,69,117,110,85,74,64,96,50,125,156,73,172,96,183,125,97,135,88,171,84,221,144,134,146,173,151,222
117,40,117,68,118,112,86,75,64,97,49,125,155,71,171,96,184,125,96,137,86,173,82,221,145,133,148,173,151,222
117,39,118,67,118,110,85,74,65,97,50,123,156,71,171,97,184,124,96,137,86,171,83,223,146,132,146,173,151,223
116,39,117,68,117,112,84,74,63,98,50,124,155,73,173,95,184,123,96,136,86,173,84,223,146,134,148,173,149,221
117,38,118,69,117,110,84,73,64,97,49,123,157,71,172,95,183,125,97,136,86,172,83,222,146,132,147,174,149,222
115,40,117,67,117,110,85,75,63,97,48,124,156,71,172,96,183,123,97,136,88,173,82,221,146,132,147,172,151,223
115,38,118,69,119,110,84,73,64,96,49,125,157,71,173,95,184,123,95,136,87,172,84,223,144,133,147,172,149,221
116,40,118,69,117,112,84,75,65,96,49,123,155,71,173,96,183,125,97,137,87,172,83,222,144,132,146,173,149,221
115,40,118,69,119,110,85,74,63,97,48,123,155,71,173,96,182,123,97,137,88,173,82,221,146,133,148,173,149,222
116,38,116,67,117,110,86,73,64,98,49,123,155,72,173,97,182,123,96,137,86,173,83,221,144,132,148,172,151,223
117,39,116,68,119,112,85,75,63,97,49,125,156,71,171,97,182,123,96,135,88,171,83,223,144,132,148,173,149,221
116,39,116,68,118,112,85,75,65,97,50,125,157,71,171,96,182,124,95,137,88,171,82,222,144,134,148,172,151,221
115,39,116,67,117,111,86,73,64,98,50,125,156,72,173,97,184,124,95,136,86,172,83,222,146,132,148,173,151,221
117,40,118,67,119,111,85,73,63,98,48,124,156,71,171,96,182,123,97,135,88,173,84,221,145,132,146,173,149,221
115,40,116,67,119,110,84,74,64,96,50,124,156,71,171,97,184,123,97,136,86,173,82,222,146,133,148,172,150,222
116,40,117,68,118,110,86,74,65,96,50,125,157,72,171,97,183,125,95,136,86,171,83,222,145,133,148,174,149,223
116,40,116,67,118,111,86,75,64,96,50,123,157,71,173,97,183,123,95,135,88,172,83,223,144,133,146,172,150,223
117,40,117,68,118,112,85,75,63,97,50,123,155,71,172,97,184,123,95,136,86,171,84,222,146,133,148,172,149,222
153,56,154,80,148,113,127,82,95,91,71,109,188,83,201,102,204,131,128,126,88,151,90,184,163,129,155,164,144,207
154,57,153,81,147,112,127,83,96,92,71,108,187,83,201,101,204,130,128,126,88,152,90,183,164,129,154,163,145,208
152,57,155,80,148,113,127,83,96,91,72,108,188,84,201,101,203,131,127,127,87,150,90,183,164,130,155,165,145,208
153,57,154,81,148,113,128,82,95,92,70,110,188,83,200,102,204,130,129,126,87,150,90,183,162,128,154,165,144,207
154,55,153,79,149,113,128,81,94,91,72,110,188,84,201,103,204,131,128,127,88,151,90,183,162,128,156,163,145,208
153,55,154,81,149,113,126,81,95,91,71,108,189,83,202,102,205,132,127,126,89,151,90,185,163,130,154,163,145,206
152,57,154,81,149,114,128,81,94,91,70,110,189,82,202,102,204,130,128,126,89,151,89,185,164,128,155,163,144,207
154,57,153,80,149,114,127,82,95,90,72,110,188,84,201,103,204,132,128,126,89,152,91,183,163,128,154,165,145,207
152,55,153,81,147,112,126,82,96,90,71,110,187,84,202,101,205,131,129,125,89,151,90,184,162,128,155,164,144,207
154,55,155,79,148,112,127,82,95,90,72,110,188,84,200,102,205,132,127,126,89,151,89,183,164,128,154,163,143,206
153,57,153,81,147,114,126,83,96,92,70,108,189,83,200,103,203,132,127,125,89,151,90,185,162,129,154,163,145,207
154,57,153,80,147,112,128,83,94,92,70,108,188,84,201,103,203,130,129,127,87,151,90,184,162,130,155,165,145,208
153,55,155,80,147,113,127,81,96,91,72,109,189,82,201,103,203,132,127,127,88,150,90,183,162,130,155,165,145,207
152,57,153,81,147,114,127,82,94,92,71,108,189,82,201,102,205,131,128,126,89,151,91,183,162,129,154,165,143,206
154,55,154,81,149,112,127,81,94,91,71,110,188,83,201,103,203,130,127,125,89,151,91,184,164,128,154,164,145,207
154,57,154,80,147,114,127,83,94,90,72,108,187,82,200,101,205,131,129,125,89,152,91,184,163,130,156,165,145,206
153,56,155,81,148,114,127,82,96,92,70,110,188,84,202,102,203,130,128,125,89,150,90,184,163,128,154,165,144,207
152,57,155,80,148,114,127,83,94,92,72,110,188,84,202,101,205,131,127,125,89,152,89,185,164,128,154,165,143,206
153,57,155,79,149,114,128,83,94,92,70,110,187,83,200,103,204,132,129,127,88,151,89,183,163,128,154,163,145,207
154,56,154,81,147,114,126,82,94,92,71,109,188,82,200,103,204,131,129,127,87,151,89,184,162,130,154,164,144,208
154,57,153,80,148,113,128,81,95,92,71,110,189,83,200,103,204,132,127,127,89,152,89,184,164,128,155,163,144,208
153,56,154,80,147,113,128,82,94,91,71,110,188,83,202,103,205,132,129,125,87,150,90,184,162,128,156,164,145,206
153,56,153,81,148,114,127,82,95,91,70,108,188,83,200,101,205,132,129,127,87,151,91,183,162,130,156,165,145,206
152,57,155,81,147,113,128,83,94,92,71,108,187,82,201,102,205,131,129,126,89,152,89,185,162,128,154,165,144,206
152,55,153,79,147,114,127,82,96,92,72,109,189,84,200,102,203,130,129,127,88,151,89,183,163,128,155,163,145,207
152,57,155,80,147,112,126,83,95,91,71,108,188,84,200,102,204,130,127,127,89,150,91,185,163,130,154,163,143,207
154,57,154,80,147,112,127,82,95,91,71,109,188,83,202,102,205,131,129,126,89,150,89,183,163,128,154,163,145,206
152,56,154,79,149,112,126,83,95,90,71,108,187,82,200,103,205,132,129,126,89,152,89,185,164,130,155,163,144,207
153,56,153,81,149,112,128,81,95,90,71,110,187,84,202,102,204,132,129,126,87,151,89,183,162,129,156,164,143,206
152,57,153,80,149,112,126,81,96,92,72,108,189,84,201,103,204,131,129,127,88,152,91,185,163,129,156,163,143,207
154,55,155,80,148,113,127,81,96,91,71,109,188,83,202,101,204,131,129,125,87,152,89,184,164,129,155,164,144,207
152,55,155,81,148,113,126,81,96,91,70,109,187,82,201,102,203,132,128,125,89,152,91,183,163,128,155,163,145,206
153,57,155,81,147,113,128,83,96,91,72,109,188,83,202,101,205,130,128,125,89,151,89,183,162,129,156,164,144,208
152,55,153,81,148,114,126,82,95,92,70,109,188,83,200,102,203,132,129,125,87,151,91,185,162,128,156,164,144,207
152,57,155,79,149,113,127,83,96,90,70,110,189,83,202,103,204,130,128,126,89,150,90,184,162,129,156,165,144,206
154,55,154,80,148,113,126,81,95,91,70,110,189,84,201,103,205,130,127,125,88,152,91,184,164,130,154,164,143,206
153,57,155,79,148,113,128,82,95,91,70,109,189,83,201,102,204,132,127,127,88,150,89,184,162,129,156,164,143,207
152,57,153,80,148,113,128,82,95,92,72,108,187,83,200,102,203,132,128,126,89,150,91,183,163,129,154,164,143,207
153,55,153,81,147,114,127,81,94,92,70,109,188,83,202,101,205,131,127,126,89,152,89,185,162,128,155,165,143,206
153,56,154,80,147,112,126,83,95,91,70,109,188,82,200,103,204,132,129,127,88,151,89,185,162,129,154,163,144,206
153,56,153,80,149,112,127,81,94,92,71,110,187,82,202,102,204,131,127,127,88,150,90,184,164,129,154,165,144,208
152,57,154,80,148,112,126,81,95,91,72,108,187,82,201,102,204,130,128,126,89,151,89,185,163,129,155,165,144,208
154,56,155,79,149,114,128,82,96,92,71,109,188,82,201,103,204,130,129,125,89,150,90,184,164,130,154,163,145,208
152,56,155,79,149,113,126,82,96,91,72,108,187,83,201,103,205,130,127,125,87,152,91,184,162,128,156,165,145,206
154,55,154,81,149,112,126,81,95,92,70,110,187,84,200,102,203,131,127,126,88,152,91,184,164,129,155,165,143,207
152,57,155,81,149,112,128,81,96,92,72,110,188,84,202,102,204,130,127,126,87,150,89,185,164,130,156,163,145,207
154,56,155,80,149,112,126,83,95,91,72,109,188,83,201,102,205,131,128,126,87,150,90,183,162,128,155,163,145,206
154,57,155,79,149,114,126,83,94,91,71,109,187,84,201,102,204,130,128,126,89,150,89,184,163,130,156,163,143,207
152,56,153,81,149,113,128,81,95,90,71,110,188,82,201,103,203,130,128,127,89,151,90,183,164,128,155,165,145,207
152,56,153,79,147,112,126,83,95,92,72,108,189,84,202,101,203,132,128,127,87,150,90,183,162,129,155,163,145,206
153,56,153,81,149,112,128,81,95,90,71,110,187,84,202,102,204,132,129,126,87,151,89,183,162,129,156,164,143,206
122,35,124,61,124,107,56,33,38,69,90,68,183,33,206,65,168,70,104,122,85,167,74,217,153,114,164,167,173,215
122,35,125,60,123,107,57,33,39,70,90,67,183,34,206,65,169,70,105,123,86,166,75,216,154,113,165,167,174,215
122,35,123,62,124,108,57,32,37,69,89,68,184,32,206,66,169,71,105,123,84,168,75,217,154,114,165,166,172,216
123,35,124,60,125,106,57,33,38,69,89,69,182,34,207,66,168,70,104,122,86,167,74,217,152,113,163,167,173,214
122,36,123,61,124,106,57,32,38,68,89,68,184,34,207,66,167,70,103,121,84,168,74,216,154,113,163,166,174,215
123,35,124,62,125,106,56,32,37,69,91,69,184,34,206,66,167,71,105,121,86,166,74,217,154,113,164,167,173,216
121,36,123,62,124,108,55,32,37,68,91,68,184,32,207,64,169,71,105,122,85,166,75,216,153,114,165,168,173,214
123,35,125,60,124,107,57,33,39,70,90,68,182,33,207,64,168,71,104,123,85,167,74,216,153,115,165,166,173,214
122,36,123,60,124,106,55,32,37,69,89,69,183,33,207,66,167,69,103,123,85,167,75,217,153,115,163,168,174,215
123,35,124,61,123,108,56,33,38,70,91,67,183,34,207,66,167,70,105,121,84,166,73,217,154,115,163,166,174,216
122,34,125,60,124,108,55,34,37,69,90,68,184,34,205,66,169,70,105,123,86,168,75,216,154,113,164,166,172,216
121,35,124,62,125,108,55,33,37,68,89,68,182,32,206,66,168,71,105,122,85,166,75,218,154,113,165,167,172,216
123,36,125,61,125,107,57,32,39,68,89,67,183,33,205,65,168,71,104,122,85,167,74,217,153,113,164,168,174,215
121,35,124,60,124,107,57,34,38,69,89,69,183,32,206,66,169,69,105,123,84,168,74,218,154,113,165,167,172,215
122,35,123,61,124,106,56,32,38,69,89,67,182,34,206,66,167,70,103,121,86,166,74,217,153,115,163,166,174,216
123,36,124,61,123,107,55,34,39,70,90,69,184,33,207,64,168,70,105,122,86,167,73,217,153,113,165,166,174,214
122,34,124,61,125,107,55,32,39,70,90,69,183,33,207,65,168,70,105,121,84,167,73,216,152,114,163,168,173,215
122,36,124,61,123,107,57,34,39,69,91,68,183,33,205,66,169,69,104,121,84,167,74,216,152,115,164,168,173,214
123,36,123,60,123,107,57,33,37,70,90,68,183,34,207,64,169,69,103,121,86,167,74,216,153,114,165,168,174,215
121,36,124,62,124,106,57,32,38,70,90,67,182,32,205,65,169,70,103,123,85,166,75,217,152,113,164,168,174,215
122,34,123,62,123,108,57,34,38,68,89,67,182,34,206,65,167,71,104,121,84,167,75,218,153,115,164,168,172,216
123,35,125,60,123,107,55,32,37,69,91,67,184,32,205,64,167,70,103,122,84,168,75,218,153,113,165,166,174,214
121,34,124,61,123,107,56,33,37,68,89,69,183,32,207,66,168,69,104,123,86,166,75,217,153,114,165,168,174,216
121,36,123,61,124,107,55,34,37,69,91,67,183,34,207,64,168,70,103,122,85,167,75,218,153,114,164,167,173,216
122,34,124,62,124,106,56,33,37,68,90,68,184,34,207,64,167,70,104,123,84,167,74,216,152,113,164,167,174,216
122,35,124,60,125,108,56,34,39,70,90,68,183,32,207,66,167,71,103,121,85,168,73,217,154,113,165,166,174,216
123,36,125,62,125,108,55,32,38,70,89,68,184,33,207,65,167,71,105,122,86,168,74,217,153,115,165,168,172,215
121,34,125,61,124,108,55,32,38,70,90,68,183,33,205,66,168,69,104,122,84,168,75,218,154,115,164,166,172,216
121,36,123,61,125,108,56,32,38,69,91,69,183,34,207,66,167,70,105,123,85,167,73,217,152,114,165,167,172,216
123,34,125,62,123,108,55,33,39,69,91,69,182,34,205,66,168,69,105,121,85,166,75,217,152,113,163,168,173,215
123,36,123,62,125,108,56,32,37,69,91,67,182,32,206,65,169,70,103,123,85,166,74,218,153,114,163,168,173,214
121,36,125,60,123,106,55,32,38,69,91,67,182,34,207,65,168,71,105,122,85,166,75,217,153,113,163,168,172,214
122,36,123,60,124,106,56,33,37,68,90,68,183,33,207,64,167,69,105,122,86,167,75,216,152,114,163,168,174,215
122,36,124,60,125,106,55,34,39,69,89,69,183,33,206,64,167,69,105,123,86,168,74,216,153,115,165,167,174,215
121,34,124,60,124,107,55,34,37,68,89,68,183,34,206,64,168,71,103,121,85,168,74,216,153,115,165,168,174,214
123,36,123,60,125,107,55,34,37,70,89,67,183,32,205,66,167,69,103,121,84,166,74,216,153,115,165,166,172,216
122,34,124,62,124,107,56,33,37,69,90,67,183,34,205,65,169,71,105,121,86,168,75,218,152,113,164,166,173,214
123,34,124,61,125,106,55,33,37,70,91,69,182,32,206,64,168,69,105,122,85,168,75,216,154,113,163,166,173,214
122,34,123,62,125,106,56,34,39,70,89,69,182,32,207,64,168,71,103,122,85,166,75,216,153,113,165,167,173,216
121,35,124,62,123,108,57,33,38,69,91,69,182,32,207,66,169,70,105,123,85,168,73,218,153,113,165,167,174,215
121,35,125,62,125,107,57,32,37,69,91,67,184,34,206,65,169,71,104,121,84,167,75,217,153,114,164,168,172,214
122,34,123,60,124,108,55,34,38,69,90,69,183,33,206,66,169,69,103,122,84,167,73,217,152,113,164,167,172,216
123,34,123,60,124,107,56,33,37,68,89,69,183,32,206,65,167,69,104,122,85,166,74,217,152,114,165,166,172,216
121,34,123,61,124,108,55,32,38,68,89,69,183,32,207,64,167,70,103,122,84,166,74,217,152,113,165,168,172,216
122,36,123,62,125,108,56,33,38,68,90,68,184,33,206,64,169,71,104,122,85,166,75,216,154,114,164,167,173,214
121,35,124,60,123,108,55,33,37,69,90,69,182,34,205,64,169,71,105,123,85,168,74,218,153,113,163,166,173,215
121,35,125,60,124,108,56,33,37,69,91,69,183,34,207,64,169,71,103,123,84,168,74,216,154,114,164,166,174,215
123,36,125,60,124,108,55,34,38,68,90,69,183,32,207,66,169,69,105,123,84,168,73,217,152,115,164,168,174,216
122,34,125,60,124,107,56,33,38,69,89,67,182,34,206,65,167,71,103,123,86,168,73,216,153,115,164,166,173,215
121,35,124,61,123,108,55,34,38,70,90,69,183,32,207,66,167,70,104,122,86,168,74,216,152,114,164,167,174,215
112,104,117,129,118,173,86,144,90,183,103,220,155,123,180,103,174,63,99,189,38,183,61,215,146,185,195,175,166,216
113,104,116,129,118,174,87,145,90,184,104,219,154,122,179,102,174,64,100,188,39,183,61,216,145,186,196,174,165,215
111,104,117,128,119,172,86,145,90,183,103,221,154,122,180,103,175,64,100,188,37,184,61,215,146,185,194,175,166,215
112,104,117,129,117,172,85,145,91,183,104,221,154,122,180,104,175,64,100,188,37,183,61,216,147,184,196,175,166,215
113,104,118,129,119,172,85,143,91,182,102,219,154,123,179,104,175,62,98,188,38,183,60,214,146,185,194,176,167,216
111,104,117,130,118,172,85,143,90,184,104,221,155,123,179,102,174,64,99,188,38,182,60,214,146,184,194,175,165,216
113,104,117,130,118,173,85,143,90,183,103,219,154,122,179,104,173,63,100,188,39,184,62,215,145,185,194,175,165,216
113,105,117,130,119,172,86,144,91,182,103,220,154,124,181,104,175,64,99,190,37,183,61,215,146,185,195,174,166,216
111,103,118,129,118,172,85,143,89,183,103,220,155,123,179,104,173,63,100,188,37,183,62,215,145,184,195,175,167,215
111,104,118,129,119,174,86,144,89,184,102,220,156,122,181,103,175,62,99,188,38,184,60,215,147,185,195,174,165,215
113,103,118,128,119,174,87,145,91,183,103,220,154,123,181,104,175,64,98,189,38,183,60,216,146,185,196,174,167,215
113,104,118,128,119,173,87,145,89,183,104,221,155,122,180,104,173,62,99,189,39,184,60,216,147,184,196,174,167,217
112,103,118,129,119,173,86,145,91,183,103,219,154,123,179,104,174,62,99,189,39,184,62,216,145,185,195,176,167,216
111,103,116,128,117,174,86,143,90,183,104,221,155,122,179,104,174,64,99,189,37,184,61,216,146,184,195,175,166,215
111,103,118,130,117,174,87,144,91,184,102,220,156,123,181,104,173,63,98,189,38,184,60,216,146,186,195,175,167,215
113,103,117,128,119,173,86,144,91,183,102,220,154,122,180,102,175,64,100,188,38,182,60,216,147,185,194,174,166,215
113,105,118,130,117,172,85,143,90,182,103,219,156,122,180,103,173,63,100,189,37,182,62,214,145,184,196,176,166,216
113,103,118,130,118,174,87,145,91,184,103,221,155,122,179,104,173,62,98,190,38,182,61,216,147,184,194,174,166,217
112,105,117,128,117,172,87,145,91,184,102,221,155,122,179,104,175,64,98,188,37,184,61,215,147,186,195,176,165,216
112,104,116,129,118,173,86,143,91,182,104,219,156,122,179,104,173,63,98,188,37,183,60,215,147,186,194,174,166,215
112,105,117,130,119,172,85,145,91,184,102,221,155,122,180,103,175,63,99,190,39,183,61,215,145,184,195,176,167,216
112,103,117,130,118,174,87,145,90,183,102,219,154,123,180,104,175,63,98,189,38,182,61,215,145,184,194,176,167,217
113,103,116,128,118,172,85,145,90,184,102,219,155,124,180,102,174,64,98,190,37,183,61,216,146,184,195,174,167,217
111,104,117,129,119,173,86,144,89,182,103,221,154,123,181,102,173,64,98,189,38,184,61,216,145,185,195,176,167,216
112,104,117,128,119,174,86,145,89,183,102,220,156,122,181,104,175,62,99,188,37,184,60,216,145,185,195,174,167,215
112,105,118,130,117,173,86,145,91,183,104,220,154,123,179,103,173,62,98,189,38,183,61,214,147,186,194,174,165,217
113,103,118,129,117,173,86,145,89,182,103,221,155,122,181,102,175,64,98,188,39,182,61,214,147,184,194,174,165,216
113,103,117,128,118,172,86,143,89,182,102,220,156,123,181,102,175,63,98,189,37,184,62,215,146,184,195,175,165,216
111,104,117,130,117,173,86,144,91,182,103,221,155,124,179,103,174,62,99,190,37,182,61,214,146,186,194,175,167,217
113,104,116,128,117,174,87,143,91,183,103,221,154,122,179,102,175,62,99,190,37,184,60,215,145,186,194,174,167,216
111,103,117,130,119,172,86,144,91,184,104,221,156,124,180,103,173,64,100,189,38,183,60,215,145,186,195,176,167,216
111,103,118,130,119,174,87,143,90,182,102,220,156,124,180,102,175,64,98,189,37,184,60,215,145,184,195,174,166,215
113,103,117,128,118,174,85,144,89,182,104,219,154,124,180,102,175,63,100,188,37,184,61,216,146,185,195,175,166,215
112,103,118,128,119,172,85,145,90,182,104,219,155,124,179,104,173,64,99,190,38,184,62,216,145,185,195,175,165,215
111,105,118,129,119,173,87,144,90,182,104,220,156,123,179,103,175,62,99,189,39,182,60,215,145,185,196,174,166,216
113,105,116,130,118,172,86,143,89,182,102,220,156,124,181,104,173,63,98,188,37,184,61,215,147,185,196,174,165,216
113,103,118,129,119,172,86,145,90,183,103,220,156,124,180,103,175,64,100,190,37,182,62,216,147,184,195,175,167,215
111,104,117,129,118,174,86,143,90,183,102,219,156,122,181,102,175,64,98,190,39,182,61,215,145,184,196,174,167,215
111,105,116,129,117,173,86,143,89,184,104,220,154,122,179,102,174,64,99,190,38,183,62,215,146,186,195,176,165,215
112,104,116,130,118,172,87,144,91,183,102,219,154,122,179,103,174,64,98,189,37,184,60,215,145,184,195,175,166,216
113,104,117,130,117,172,85,144,89,182,103,221,154,123,180,102,173,63,100,188,39,182,60,215,145,186,195,175,167,216
113,104,116,130,119,173,85,143,90,183,104,219,155,122,179,103,175,64,100,189,37,183,61,214,147,185,196,176,167,217
113,104,116,130,117,173,87,143,91,184,103,221,155,123,181,103,173,63,99,189,37,184,60,214,147,186,195,176,167,217
112,104,118,128,119,173,86,144,89,182,104,220,156,124,179,102,175,63,99,188,39,184,62,216,147,184,196,176,165,217
111,103,117,130,117,173,87,144,91,182,104,220,154,124,180,104,173,62,99,190,37,182,62,216,147,184,195,175,167,217
111,105,118,128,118,174,86,145,89,182,102,219,156,122,181,102,175,62,98,190,38,184,62,215,146,185,194,174,167,215
111,105,116,128,119,173,85,144,89,183,103,221,155,123,179,104,174,64,99,189,37,184,60,214,145,185,196,174,167,216
112,103,117,129,118,174,87,143,91,183,103,219,156,123,180,102,175,62,100,189,37,183,60,215,147,185,195,176,167,215
113,103,117,129,117,173,86,145,90,184,104,220,156,122,181,104,175,64,99,188,38,184,62,216,145,184,196,176,165,215
112,105,118,129,119,174,85,144,89,182,102,220,155,124,181,102,175,62,99,190,38,183,62,215,146,186,195,176,166,215
107,59,112,82,120,137,90,89,72,51,54,20,152,89,167,124,177,92,103,153,54,183,96,228,156,147,162,183,196,217
106,59,113,81,121,138,89,89,71,50,54,21,153,88,168,125,177,92,102,152,55,182,96,229,155,148,161,182,197,216
107,60,112,83,120,136,90,88,73,51,55,20,151,88,168,124,176,91,104,152,54,184,96,229,156,146,163,184,197,218
108,59,112,82,119,138,91,88,73,52,55,21,151,89,167,123,176,91,102,152,54,183,95,229,155,148,161,183,197,217
108,59,111,81,121,136,90,88,72,50,54,19,153,89,166,123,178,91,104,154,53,184,97,228,157,146,163,183,195,217
107,59,112,81,121,138,91,90,72,52,53,19,152,90,167,123,176,92,104,153,53,182,97,228,156,146,161,183,196,216
106,60,111,81,119,137,90,90,71,52,55,20,152,89,167,124,177,93,102,153,53,183,97,227,155,146,163,182,197,217
108,60,111,82,119,137,90,88,71,51,54,21,152,90,167,123,178,92,104,152,54,184,96,228,156,148,162,184,196,216
108,59,111,81,121,136,89,89,71,51,55,20,152,88,168,124,177,92,102,153,54,182,95,229,157,146,162,184,197,218
107,60,111,81,119,137,89,90,71,51,54,21,152,90,167,125,178,93,103,153,55,184,95,229,157,147,162,184,195,216
107,58,113,82,121,137,91,89,71,51,54,20,153,90,168,125,178,92,103,153,53,182,95,229,157,147,163,184,197,216
107,58,113,82,119,138,89,88,73,51,53,19,151,90,166,125,176,91,103,153,54,184,95,229,156,147,163,183,197,216
107,58,112,81,121,136,91,88,72,50,53,21,151,88,167,124,176,91,104,154,55,184,97,227,156,146,162,184,195,218
106,58,111,82,121,138,90,90,71,52,53,19,152,88,167,125,178,92,104,153,54,184,96,228,157,148,162,183,195,217
107,60,111,83,120,138,90,88,72,50,55,19,153,90,166,125,178,93,104,153,53,182,95,228,156,146,162,183,195,218
108,58,111,83,121,137,89,90,71,52,54,21,151,88,166,125,176,92,104,152,55,182,97,228,157,147,163,182,197,218
108,58,113,83,120,136,89,88,71,52,54,20,153,88,168,125,177,93,104,153,54,184,95,229,157,147,163,183,195,218
106,60,112,81,119,137,89,89,71,51,55,21,153,88,168,123,176,93,102,154,53,182,97,228,156,147,161,183,196,216
106,60,111,81,121,136,91,89,71,50,53,19,153,89,168,124,177,93,104,153,54,183,95,229,156,146,161,182,196,218
106,60,113,81,121,136,91,89,73,50,55,20,151,89,168,123,176,93,102,152,55,182,97,228,156,147,163,184,195,218
107,60,113,82,121,136,90,88,71,51,53,20,153,90,166,124,177,91,104,154,53,182,97,227,157,146,162,183,197,217
107,58,113,83,120,137,91,90,71,50,55,21,151,90,166,124,178,92,103,153,54,183,97,227,156,148,163,183,196,218
108,58,112,83,119,137,91,88,72,50,54,20,152,90,166,123,177,92,104,152,54,183,96,227,156,146,161,183,197,216
106,59,113,83,120,138,89,89,73,51,55,20,153,88,168,125,176,92,104,153,54,184,96,228,155,147,161,183,195,218
108,59,112,83,119,137,89,89,72,52,53,19,152,90,166,123,176,93,104,152,53,182,96,228,156,148,161,182,195,216
106,59,111,83,120,137,91,88,71,51,55,19,152,89,167,124,177,92,103,152,54,182,95,228,155,148,161,182,195,216
106,60,112,82,119,138,89,89,72,50,53,20,151,88,167,123,177,91,104,154,55,183,97,227,155,148,163,183,195,216
107,60,113,81,121,138,90,88,71,50,53,20,151,90,166,125,178,91,103,154,53,183,95,228,156,147,162,182,197,218
106,60,113,82,120,138,90,90,73,51,53,20,153,90,166,124,178,92,102,153,55,184,95,229,157,147,161,184,197,217
106,58,112,81,121,137,91,88,71,50,54,20,152,89,166,125,177,92,104,154,55,182,95,229,157,146,162,184,197,216
107,59,113,83,120,138,89,88,73,51,53,20,152,88,166,124,178,91,104,154,54,182,95,227,155,147,163,184,197,218
107,59,113,82,120,138,90,90,73,50,55,21,152,89,166,125,176,91,104,154,53,184,96,228,155,146,161,182,196,217
107,60,113,82,120,138,90,88,72,50,53,20,153,88,168,123,177,91,104,154,55,183,97,227,157,147,161,184,197,217
107,60,111,82,120,137,89,88,72,50,53,19,153,89,166,123,176,92,102,153,54,184,97,228,156,146,161,184,197,216
107,58,111,81,119,138,90,89,71,50,53,21,153,90,167,124,176,91,103,154,53,184,95,227,155,147,163,184,195,218
107,60,111,83,121,136,89,88,71,52,53,20,153,88,166,124,176,91,104,152,53,184,96,227,155,148,163,184,195,217
108,58,111,81,119,138,90,89,71,50,55,21,152,90,167,124,178,91,103,154,54,182,96,228,155,148,163,183,196,218
108,60,113,81,120,137,90,88,72,52,54,20,153,89,168,125,178,91,104,153,53,183,96,227,157,146,162,183,195,216
107,59,112,82,121,138,91,88,71,51,55,20,153,88,167,125,177,91,104,152,54,182,97,227,157,147,161,182,197,217
107,58,112,82,119,136,91,89,73,51,55,20,153,89,168,124,177,92,102,152,54,182,96,228,155,146,162,184,197,218
106,60,113,83,120,137,90,88,71,50,54,20,152,88,168,123,176,92,104,154,53,182,96,228,155,146,163,182,196,216
108,60,113,82,121,137,91,89,73,51,53,21,151,89,166,124,177,91,104,153,54,182,95,229,157,148,162,182,197,218
107,59,112,83,119,137,89,88,72,50,54,19,153,89,168,125,177,92,102,154,55,184,97,228,156,146,162,182,196,217
106,59,113,82,121,136,90,89,72,51,55,21,151,88,168,125,178,93,102,152,54,184,95,229,155,146,162,184,195,218
107,59,112,81,119,137,90,88,73,51,53,19,153,89,166,123,177,92,102,153,53,183,96,227,155,147,162,184,195,216
106,60,111,81,120,137,89,89,72,51,54,19,151,90,167,123,176,92,104,154,55,183,95,227,156,148,163,182,196,217
107,59,113,81,121,136,89,90,71,50,54,20,152,90,167,123,177,92,102,153,55,182,97,227,157,148,163,182,197,217
107,59,113,82,121,137,90,88,72,50,55,19,153,89,168,125,178,92,102,152,53,184,97,228,156,148,163,184,195,217
106,58,111,83,120,137,89,90,72,52,54,21,151,89,166,124,177,92,104,153,53,184,97,229,157,148,163,182,197,218
107,58,113,82,119,136,89,90,73,51,55,21,153,88,166,123,176,93,103,154,55,184,97,227,157,147,161,184,196,218
139,49,141,72,143,116,109,73,66,68,28,33,178,82,210,97,203,72,121,132,83,166,77,211,165,129,179,176,182,218
138,49,141,72,144,117,108,73,66,69,29,32,178,81,211,98,204,72,120,132,83,167,78,210,164,130,180,176,183,218
140,50,141,72,143,117,110,73,67,69,29,32,178,82,210,97,204,73,121,131,82,165,76,211,165,128,180,177,181,219
139,48,142,73,144,115,110,72,67,68,29,33,178,83,211,98,203,72,121,131,83,165,77,212,164,130,179,177,183,218
138,49,141,73,143,117,109,74,66,67,29,33,177,83,209,98,203,73,121,132,83,167,78,211,165,129,180,175,181,219
139,49,141,73,144,117,108,74,67,69,28,33,178,82,211,96,204,72,120,133,83,165,76,211,166,128,180,175,183,218
138,49,141,72,143,116,109,72,66,68,29,32,178,81,210,97,202,73,122,132,83,165,77,210,165,130,179,176,183,219
139,49,141,72,142,115,108,74,65,68,28,32,177,81,209,96,202,71,121,132,84,166,78,210,166,129,180,175,183,218
139,49,142,73,144,115,108,74,65,69,28,32,178,82,210,97,202,72,121,131,82,167,77,211,166,128,180,175,181,217
138,48,141,71,143,117,110,73,67,68,28,32,177,83,210,98,203,72,121,131,83,166,78,210,164,129,180,177,181,218
140,49,141,72,143,115,110,74,66,67,28,34,177,81,211,98,204,72,122,132,82,165,78,210,164,130,178,177,181,217
140,50,141,72,143,117,108,74,66,68,28,34,179,83,210,98,202,72,121,133,83,167,78,210,165,128,180,177,181,218
139,48,142,73,143,115,109,73,65,68,29,33,179,82,210,97,204,71,121,132,84,166,76,212,165,130,178,177,183,217
138,48,142,72,143,117,109,72,67,68,29,32,178,82,210,96,203,72,122,131,82,167,78,212,166,129,178,177,181,219
138,50,142,73,142,116,108,74,66,69,27,34,179,81,211,97,202,73,121,131,83,166,78,210,165,128,178,175,181,217
138,50,141,71,142,116,108,72,66,67,29,34,179,82,210,96,202,71,121,131,82,166,77,211,164,128,179,176,183,217
140,50,140,73,142,115,109,74,66,67,27,34,178,81,211,96,202,71,122,133,82,167,76,212,164,128,179,175,182,217
139,50,141,72,142,116,110,73,65,67,29,34,178,81,210,97,202,73,122,131,82,166,76,211,166,128,180,177,181,217
139,50,142,71,142,116,109,72,65,68,28,34,178,82,210,98,204,72,122,131,82,165,77,212,165,129,178,175,181,219
140,49,140,71,144,116,110,73,65,68,27,34,179,82,210,96,204,73,120,132,84,166,76,212,164,130,180,175,182,219
140,49,141,72,144,116,108,72,67,68,28,32,178,81,209,98,202,71,121,133,83,165,77,212,165,129,180,177,183,218
139,49,142,71,142,116,108,73,65,69,27,33,178,82,210,97,204,71,122,133,83,166,77,210,165,130,178,177,181,219
140,50,142,73,142,115,110,74,66,67,27,33,177,82,209,97,204,73,120,131,82,165,78,211,166,129,178,176,183,218
140,48,141,71,144,116,110,72,67,67,29,33,177,83,210,96,202,73,120,131,84,167,78,212,166,130,178,175,182,217
140,49,141,72,143,116,110,72,66,68,27,34,177,81,211,97,202,73,121,133,83,167,78,212,166,128,178,175,181,217
139,50,141,73,143,115,108,74,65,68,27,34,179,81,211,98,202,73,120,132,83,167,76,212,166,130,179,176,183,219
138,48,142,72,143,117,109,74,65,67,27,34,177,82,211,97,203,72,122,131,83,165,78,210,164,129,179,176,181,218
140,48,140,73,144,116,108,73,67,67,28,32,179,81,209,96,202,72,122,132,83,167,78,211,166,129,180,177,181,218
138,50,142,71,142,115,110,74,66,68,27,34,177,82,211,96,204,72,121,132,83,167,78,211,164,129,180,177,182,217
140,48,141,73,142,116,109,72,65,67,28,34,178,83,209,98,202,71,121,132,83,166,78,210,166,130,179,177,182,218
138,50,140,73,144,115,110,73,65,69,28,34,177,83,211,98,202,72,121,133,82,166,77,210,166,130,178,175,181,217
138,49,142,72,144,117,108,74,65,68,28,34,179,83,211,98,202,73,121,133,82,166,77,212,166,128,179,177,183,218
139,49,140,71,143,117,108,74,66,67,27,34,178,83,211,97,202,73,121,132,84,167,78,210,165,129,180,177,183,217
139,50,141,73,144,117,110,72,66,67,27,34,178,82,210,98,202,72,122,132,84,166,76,210,166,128,178,175,181,218
138,48,141,73,144,115,110,73,65,69,29,34,178,82,209,97,203,73,121,132,84,166,76,211,164,128,179,177,181,217
140,50,140,72,144,117,108,73,67,69,27,34,177,83,210,97,202,73,122,133,82,165,77,211,166,130,178,176,182,217
139,50,142,71,144,116,108,72,65,69,27,32,178,81,209,96,203,72,122,131,82,165,78,212,164,129,178,175,183,218
140,48,140,72,144,115,108,72,65,67,29,34,179,83,209,97,204,73,120,131,84,167,76,211,165,128,178,177,182,219
139,48,142,73,144,115,110,74,66,67,28,33,178,81,210,97,204,72,120,133,83,165,77,210,166,129,180,177,181,219
139,50,141,73,144,115,109,74,67,69,28,33,178,83,209,96,202,73,121,132,84,167,77,211,166,130,180,175,182,218
139,50,141,73,144,115,108,72,66,69,28,33,177,81,209,96,202,73,122,131,83,167,77,210,164,128,178,176,181,217
138,49,140,71,143,115,109,72,66,67,28,32,177,82,211,98,202,71,120,132,84,167,77,210,166,129,179,177,183,217
139,49,141,72,142,115,109,72,65,68,27,33,178,82,210,98,202,72,122,133,82,165,78,211,164,128,180,177,182,218
138,50,142,71,142,115,109,73,65,69,29,32,177,82,211,96,202,73,120,133,84,165,76,212,165,130,178,176,183,218
138,49,142,72,144,116,108,73,67,68,27,32,179,83,210,96,203,72,120,131,84,167,78,211,166,128,178,176,181,218
140,48,140,73,143,115,109,72,66,69,28,34,178,81,210,96,202,73,122,131,82,166,78,212,165,128,179,175,182,219
140,48,141,72,142,115,110,73,65,69,29,32,177,81,209,98,204,72,121,131,82,165,78,212,165,129,178,177,182,217
138,48,142,72,144,115,109,74,67,68,29,32,177,81,209,97,204,73,120,132,82,167,78,211,164,130,180,175,182,218
140,48,142,72,144,116,110,74,66,68,29,34,177,83,211,97,203,72,121,131,84,167,78,210,164,129,178,177,181,218
140,48,141,71,142,115,108,73,65,67,28,34,177,81,211,96,203,71,120,131,83,165,76,212,165,128,180,177,181,218
119,72,117,97,119,146,78,97,55,73,37,35,151,99,189,80,202,43,93,163,43,189,57,224,146,162,186,191,166,223
118,72,117,97,119,147,78,96,56,72,38,35,152,99,190,79,203,44,94,162,42,190,58,224,145,162,187,191,165,222
119,71,116,96,120,145,79,97,54,72,37,36,150,100,188,79,203,42,94,163,42,189,56,223,147,162,187,192,166,224
118,71,117,98,119,145,78,98,56,74,37,34,151,99,190,80,203,44,93,164,44,190,56,224,146,163,185,192,167,224
119,73,118,98,118,145,79,96,54,74,37,36,150,99,190,79,202,42,92,164,42,189,57,223,147,161,187,191,167,222
118,71,117,96,118,146,78,98,55,74,38,36,152,98,190,80,203,43,93,162,44,189,56,225,146,162,185,192,166,223
118,71,118,96,118,145,77,97,55,74,36,36,151,98,189,80,202,42,92,164,42,190,57,225,145,163,186,190,167,224
120,71,116,97,119,147,79,96,55,73,38,35,152,98,189,81,203,43,94,163,44,188,57,224,147,162,186,192,167,222
120,71,118,98,120,145,77,97,54,72,37,36,150,98,189,81,202,43,92,163,43,189,58,224,147,161,187,191,165,224
120,72,118,96,118,146,79,96,55,73,37,36,151,100,188,79,201,43,94,162,43,188,56,225,145,163,187,190,165,224
118,72,117,96,120,146,77,98,55,74,37,34,151,99,190,79,202,44,94,164,42,188,56,224,145,161,185,191,165,223
118,73,116,98,118,147,78,97,54,73,36,35,150,98,190,81,201,42,92,162,44,190,56,224,145,162,185,191,167,223
119,72,117,97,118,147,77,98,54,74,38,35,150,100,189,81,201,43,92,163,43,188,57,224,145,162,186,190,167,223
119,71,116,97,118,146,79,96,55,73,37,35,151,98,189,81,203,42,92,162,44,188,57,225,147,162,187,192,166,224
118,71,117,98,118,145,79,98,54,74,37,36,152,100,190,80,201,44,93,164,43,189,57,224,147,163,186,192,167,223
119,71,117,98,120,146,77,98,56,72,36,36,151,98,189,79,202,44,93,164,44,190,57,224,146,163,187,191,165,223
120,73,117,98,119,147,77,96,54,72,38,35,151,99,189,79,203,43,92,163,44,189,57,225,145,163,187,192,166,224
119,71,116,96,120,145,79,97,56,72,38,36,151,99,190,79,202,44,94,163,44,190,56,223,146,162,185,192,165,224
120,71,117,97,118,145,79,98,56,74,36,35,151,100,188,80,201,44,93,164,42,189,57,225,145,162,187,190,166,224
119,71,117,96,118,146,77,97,54,73,38,36,151,100,188,80,202,43,94,163,43,190,56,224,147,163,187,191,167,224
118,71,118,98,118,145,78,96,54,74,37,36,151,99,190,79,201,43,93,162,44,190,56,224,145,161,186,192,165,223
120,71,116,96,120,147,78,97,54,72,38,36,152,100,190,79,201,42,94,162,42,190,56,225,147,162,185,191,165,222
119,72,117,96,120,147,77,97,56,73,38,35,152,100,190,79,201,44,94,164,43,190,57,224,145,163,185,192,167,224
120,73,117,98,119,145,77,97,56,72,37,34,151,99,189,81,203,42,94,164,44,188,57,225,145,163,186,190,165,223
120,73,116,97,120,145,77,98,56,74,36,34,151,100,189,79,202,43,93,163,44,188,58,224,146,161,187,191,167,223
120,72,118,98,119,146,77,96,56,72,36,34,150,99,188,79,203,42,92,163,44,190,58,224,147,163,185,191,167,222
120,72,116,98,118,146,77,97,56,74,38,34,152,99,189,81,203,44,93,164,44,190,58,225,145,162,185,191,167,223
118,71,116,96,118,146,78,98,54,73,37,35,152,99,189,80,201,44,93,163,43,188,58,223,145,162,186,192,166,222
119,73,116,96,119,147,78,98,54,72,38,35,151,99,189,79,203,44,93,162,43,190,57,225,147,162,187,190,165,224
120,72,116,96,118,146,78,98,56,72,37,35,151,98,189,81,202,44,93,164,44,188,56,224,145,163,186,191,166,222
120,72,116,96,120,147,79,96,55,74,37,36,152,100,188,80,203,43,93,164,44,190,58,225,147,162,185,192,167,224
119,72,116,97,118,146,79,97,54,74,38,34,152,100,188,79,201,42,92,163,42,190,58,223,146,162,185,192,166,224
119,72,118,98,119,147,79,97,54,74,37,36,152,99,188,80,203,43,94,162,42,188,56,225,147,162,187,190,165,223
119,71,117,96,120,146,78,97,56,73,37,34,152,99,189,79,201,42,92,162,43,188,56,225,145,162,187,191,165,223
120,72,116,97,119,145,78,98,56,74,36,36,151,99,189,79,202,43,93,164,42,189,58,224,146,162,186,190,166,224
119,71,117,98,120,146,79,96,56,74,36,34,152,100,190,80,202,43,92,162,42,190,56,224,147,162,185,190,166,224
120,71,117,97,119,145,78,96,55,72,36,36,150,100,188,81,203,42,93,162,42,189,58,225,145,162,187,192,167,223
120,71,116,96,120,145,77,98,56,72,38,34,151,100,190,80,202,43,94,163,44,190,57,225,147,161,186,192,165,224
120,73,118,98,119,147,77,97,55,73,38,36,150,99,188,80,201,43,92,164,44,189,57,225,147,163,187,191,166,222
120,72,116,97,120,147,77,98,56,73,36,35,150,100,189,80,201,43,92,163,44,189,57,224,145,162,185,190,167,224
120,71,118,97,119,146,79,97,55,73,37,35,152,99,189,81,202,43,93,164,42,189,57,225,146,163,187,192,167,224
119,71,118,96,119,147,79,97,56,73,36,35,151,98,190,80,203,43,94,163,42,188,57,225,146,163,187,192,166,224
118,72,116,96,120,146,79,96,55,74,38,35,151,99,188,80,203,44,93,163,44,188,57,223,145,162,187,191,166,222
118,72,117,97,118,147,77,98,54,72,36,34,150,100,189,80,202,43,93,163,44,189,57,223,146,161,186,190,166,224
119,72,118,97,120,145,77,96,54,72,37,34,151,100,190,81,202,42,93,162,43,190,56,225,145,162,186,191,165,224
119,72,116,97,119,145,79,98,54,74,36,34,152,100,188,80,201,42,94,164,44,189,56,223,147,163,187,191,165,222
120,72,116,98,119,147,78,98,55,73,36,35,150,100,188,81,202,43,93,163,43,190,58,225,147,161,187,190,165,224
118,73,116,97,119,146,77,96,54,73,38,36,151,100,190,79,201,43,92,163,44,190,58,224,145,163,187,190,166,222
119,72,118,98,120,146,79,96,55,74,36,36,150,100,189,80,201,43,93,162,42,189,56,224,146,162,185,190,166,224
118,72,116,97,119,146,79,96,56,74,38,35,150,100,189,80,203,44,93,162,43,189,56,223,147,161,186,190,166,223
100,53,67,69,62,114,38,59,42,24,112,21,100,88,114,106,171,95,46,138,62,184,78,229,101,127,155,132,161,180
101,52,68,69,63,114,39,60,41,24,112,21,99,89,115,106,170,95,46,138,62,185,77,229,101,126,154,132,161,180
101,53,67,69,61,114,38,58,41,25,112,20,101,87,113,105,172,95,47,137,62,183,78,228,102,126,156,131,162,179
99,52,68,69,62,113,37,60,42,23,112,21,100,89,113,105,170,96,45,137,61,185,79,228,101,128,154,131,161,179
100,53,67,69,63,114,38,58,41,25,113,22,101,89,115,107,170,95,45,139,63,183,77,230,101,128,156,131,162,180
101,53,68,69,62,115,37,58,43,25,112,20,101,89,114,106,171,94,46,137,63,184,77,229,100,128,155,132,161,181
99,53,67,70,61,113,38,58,43,25,113,20,100,88,113,106,171,96,47,137,61,183,78,228,101,127,156,132,160,181
99,52,66,70,63,114,37,60,42,23,112,22,100,88,113,106,170,95,46,139,63,183,77,230,101,128,155,133,160,179
100,54,68,70,62,113,39,59,41,23,111,20,101,89,115,105,170,96,45,137,61,185,77,230,100,126,156,133,162,179
100,54,67,69,61,113,39,58,43,25,111,21,101,89,113,105,172,96,46,139,63,184,78,228,101,126,155,132,160,180
99,53,67,70,62,114,39,58,41,24,113,22,99,89,115,106,170,95,47,139,62,183,77,230,102,128,156,131,162,180
99,54,67,69,61,114,37,58,43,23,111,22,100,89,115,106,170,94,45,139,61,184,78,230,100,126,155,132,160,180
101,52,68,69,62,115,39,59,43,25,112,20,101,89,114,105,172,95,45,138,61,183,77,229,101,126,155,131,162,179
99,52,68,68,63,115,39,59,42,24,113,22,100,88,114,106,170,95,45,138,61,183,78,230,101,127,156,133,161,180
101,53,68,68,62,113,39,60,43,24,112,20,99,89,113,105,172,96,45,137,61,183,79,228,101,126,156,131,162,181
99,52,66,68,61,114,39,59,43,24,112,22,100,87,115,105,171,94,45,139,61,183,77,230,101,126,154,131,162,181
101,53,66,68,63,113,39,58,42,24,112,20,99,89,114,106,172,95,47,138,61,183,79,230,101,128,154,132,161,179
99,53,67,69,61,115,39,60,43,24,111,21,101,87,114,106,170,94,45,139,63,183,78,228,101,126,155,131,161,181
99,53,66,70,62,115,37,59,42,23,112,22,99,89,113,105,171,96,45,138,62,183,79,229,102,127,156,132,161,179
100,53,66,70,63,115,37,58,43,24,113,21,99,87,114,105,170,95,46,137,61,184,79,229,100,127,154,133,160,181
99,53,67,68,61,113,39,58,42,25,112,21,101,87,114,107,171,95,45,139,62,183,79,229,100,127,155,133,162,181
100,54,66,68,62,115,37,58,42,24,111,21,99,88,113,106,171,95,45,137,63,185,77,228,100,127,155,131,160,181
99,52,68,68,61,114,39,58,43,24,113,20,99,89,114,105,170,94,46,138,62,183,79,228,100,127,155,132,162,181
101,54,66,69,62,115,39,58,41,23,111,20,101,88,115,105,170,96,46,138,63,183,78,229,101,126,154,131,161,181
100,54,67,70,62,114,38,59,41,23,112,20,99,88,113,107,170,95,45,139,62,185,78,229,100,128,156,133,161,180
99,52,66,68,63,115,39,58,43,24,111,22,100,87,114,107,170,95,47,137,62,184,79,228,101,127,156,132,160,180
99,52,68,68,63,115,38,60,41,24,112,22,99,87,115,107,170,96,45,138,61,183,79,229,101,128,156,133,160,179
101,54,68,69,63,115,39,60,41,25,112,22,101,87,114,105,171,95,45,139,62,185,78,230,100,126,156,131,160,181
101,54,68,70,62,115,37,58,42,24,111,21,101,89,114,107,170,94,45,139,61,185,77,230,102,128,154,132,162,181
101,53,66,69,62,114,37,60,43,25,112,20,100,87,115,105,170,96,46,138,63,184,77,229,100,126,155,133,161,180
101,53,66,70,61,113,39,58,42,25,112,20,99,89,115,107,172,96,46,139,62,184,79,229,101,127,156,133,161,180
100,53,68,70,62,114,39,60,42,24,113,21,100,87,114,106,171,94,47,137,61,184,77,228,102,128,156,131,160,181
99,53,66,69,63,115,38,59,43,23,111,21,101,89,114,107,171,94,45,138,62,184,79,228,102,126,154,131,160,180
100,53,67,69,61,115,37,58,41,24,112,21,101,87,115,106,171,94,47,138,62,183,78,228,101,127,155,132,162,180
100,52,66,70,62,114,38,60,42,25,112,21,101,88,114,107,172,94,46,138,62,185,79,229,101,128,154,132,160,181
101,53,68,68,61,114,39,59,41,24,112,21,101,87,113,105,171,94,47,137,62,185,78,230,100,126,154,133,160,179
101,53,68,68,63,114,38,60,42,25,111,22,99,88,114,105,171,94,45,138,62,184,79,228,101,127,154,133,160,181
99,52,67,70,61,113,39,58,43,24,111,20,100,87,115,106,170,95,45,138,61,184,78,229,101,128,155,132,160,179
99,53,66,69,62,114,38,59,42,23,113,22,100,89,114,106,170,94,46,138,61,185,77,230,100,127,154,132,160,181
100,52,68,70,62,114,38,59,43,25,113,20,101,89,113,105,171,96,45,139,61,185,78,229,102,127,155,131,161,180
101,54,66,70,61,115,39,58,43,24,112,20,99,87,114,105,172,95,47,138,61,184,79,230,101,126,154,131,162,179
101,52,66,68,61,114,38,58,43,24,113,21,100,88,114,106,172,95,45,137,61,184,79,229,100,128,156,131,161,180
101,53,67,70,62,114,37,60,41,23,113,21,99,89,113,107,171,95,47,137,63,185,79,230,101,126,154,132,162,181
99,54,67,70,63,115,38,58,43,24,111,20,100,87,114,107,171,96,45,139,63,184,79,230,101,128,156,132,161,180
101,52,67,69,63,114,38,59,42,24,113,20,100,89,115,107,171,95,45,137,62,184,78,229,102,128,156,132,161,179
100,52,66,69,61,113,38,60,43,25,113,22,99,89,115,106,172,96,45,138,63,183,79,230,102,128,156,133,161,181
99,53,68,70,61,113,37,60,43,24,113,21,101,88,114,106,171,96,45,138,61,183,78,229,100,127,155,133,162,181
100,52,68,70,62,114,39,58,42,24,112,22,99,89,113,106,171,95,47,139,62,183,79,228,100,128,155,131,161,181
101,52,66,70,63,115,39,59,42,23,111,21,100,87,115,105,171,95,45,139,61,184,79,228,100,127,156,131,161,179
101,54,68,69,62,113,37,60,41,24,111,22,100,89,115,107,172,94,46,138,63,183,79,230,100,126,155,132,160,181
135,66,132,90,126,134,93,94,65,120,114,138,150,100,173,120,170,90,93,147,120,198,54,220,141,148,172,177,159,219
134,65,131,90,126,135,92,95,64,119,114,139,149,99,174,120,170,89,92,146,121,199,53,221,142,148,171,178,159,218
135,67,133,90,125,135,92,93,64,121,113,138,150,99,172,121,171,90,94,146,120,199,53,219,142,149,173,178,160,218
135,67,133,89,126,134,94,93,64,119,115,137,151,101,172,120,169,91,93,148,120,197,54,221,142,147,173,176,160,219
134,67,132,91,125,133,92,94,65,120,115,139,151,100,172,119,169,89,93,146,119,198,54,219,141,148,173,176,158,220
135,67,132,90,126,134,93,95,65,119,115,137,149,99,172,119,169,91,92,147,121,199,54,220,141,148,171,177,160,220
134,67,133,90,127,134,94,94,66,121,113,138,149,101,172,120,170,89,93,148,120,198,54,219,142,148,173,178,158,218
135,67,132,89,126,135,93,94,66,119,115,139,151,101,173,121,171,91,94,148,121,197,55,220,140,147,172,176,159,219
136,65,132,90,127,134,93,93,66,120,114,138,151,100,173,120,170,90,92,147,119,197,55,220,142,149,171,178,158,219
135,67,131,91,125,133,94,95,64,119,113,139,151,100,172,119,171,90,92,147,119,198,53,221,142,148,173,178,158,219
135,66,132,90,127,134,94,95,66,120,115,139,149,100,172,119,169,90,93,146,121,199,54,219,141,149,173,176,160,219
135,65,133,90,127,133,93,94,65,121,115,138,150,100,173,120,170,90,92,146,119,198,55,221,142,147,173,178,159,218
134,66,133,90,125,135,93,95,66,120,113,139,149,100,172,121,170,91,93,147,120,197,54,219,142,147,173,176,158,219
135,67,133,89,127,135,93,94,64,120,115,138,149,101,172,121,169,91,93,148,120,198,55,219,142,147,173,176,158,218
135,66,132,91,127,134,92,95,64,119,113,139,151,101,172,121,169,90,94,146,120,199,53,220,141,149,171,177,159,220
134,65,131,90,125,134,93,95,64,120,115,137,150,100,173,121,171,90,93,147,119,197,54,221,142,147,171,178,160,218
135,67,131,89,125,135,92,95,64,121,115,138,150,100,174,119,171,89,92,148,120,198,55,219,140,147,172,178,159,220
134,65,132,91,125,135,92,94,65,121,113,137,149,100,172,119,170,89,94,147,120,199,55,219,142,148,173,178,160,219
136,65,131,90,125,134,93,94,65,119,115,138,151,99,174,120,169,90,93,147,119,197,53,221,142,149,171,176,159,219
134,66,133,91,126,133,94,93,64,121,115,137,151,99,174,120,169,90,93,146,119,197,53,221,142,148,171,176,159,219
135,65,133,89,126,135,94,93,66,119,114,139,149,100,172,120,171,91,94,147,121,199,53,219,140,149,173,177,160,220
136,67,133,90,125,133,93,95,64,121,114,139,149,99,172,121,171,89,93,148,119,197,55,219,142,149,172,176,158,219
135,65,132,91,127,134,92,93,66,121,114,138,150,100,173,121,169,89,94,148,120,197,53,220,141,149,173,177,160,218
135,66,131,90,125,133,92,94,64,120,113,139,151,101,173,121,169,91,92,147,119,197,55,220,141,147,172,178,160,220
136,66,132,89,125,135,92,95,66,119,113,139,151,99,174,120,170,90,93,148,120,198,54,220,142,149,172,176,159,219
136,66,132,91,126,135,93,93,66,119,114,137,150,101,174,121,170,89,92,146,121,198,54,219,141,149,173,177,159,219
136,67,132,90,125,134,94,93,66,119,115,138,149,99,172,119,169,91,94,146,120,198,55,220,140,147,173,176,160,218
136,66,132,89,125,134,93,94,64,121,113,138,150,101,173,121,169,91,93,148,120,199,53,220,142,148,171,178,160,218
134,67,133,90,125,135,94,94,65,120,114,138,150,99,172,120,170,90,92,146,119,199,54,219,142,149,172,178,160,220
134,65,132,90,125,135,94,94,65,121,115,137,151,101,173,119,169,89,92,147,121,199,55,219,142,147,171,178,159,220
135,67,131,90,126,135,94,93,64,121,113,138,150,99,172,120,171,90,93,148,121,197,54,220,140,149,173,176,158,218
134,66,131,91,125,135,94,95,65,120,115,139,151,101,172,121,169,91,92,148,119,197,55,219,141,148,171,176,158,220
134,65,131,91,126,134,92,94,65,120,115,138,150,101,174,119,170,90,93,146,121,198,55,221,140,148,171,177,160,219
136,67,132,90,127,135,94,95,64,121,115,137,150,101,174,121,170,91,92,148,119,197,54,219,142,148,172,176,159,220
136,65,133,91,125,134,93,95,64,121,114,139,150,100,174,120,171,89,93,146,120,198,54,221,140,149,173,178,158,219
134,65,131,91,125,133,92,93,66,119,113,139,150,101,173,121,169,90,93,146,119,199,55,219,141,149,172,176,160,220
134,66,131,89,126,135,94,95,64,121,115,138,149,100,173,120,170,90,94,146,119,199,54,221,142,147,173,178,160,219
135,66,132,90,127,133,94,94,66,121,113,137,150,99,173,120,169,90,93,148,119,199,53,219,141,148,173,178,158,219
135,66,133,90,125,134,93,93,65,120,114,138,151,101,173,119,170,91,94,146,119,199,53,221,142,148,172,178,160,219
136,65,133,90,126,135,93,93,64,119,113,138,151,100,172,119,169,91,92,148,120,198,55,220,140,148,173,177,158,220
134,65,132,89,127,135,92,95,66,119,114,138,149,99,172,119,169,90,92,147,120,199,55,220,142,149,173,177,159,219
135,67,132,91,127,135,93,94,65,120,114,137,151,100,173,121,170,90,92,146,121,199,55,221,141,148,172,177,160,218
135,66,132,89,125,135,92,94,66,121,115,137,151,101,174,121,169,89,93,146,121,199,54,220,141,149,173,177,159,218
134,67,132,89,125,133,93,94,65,119,114,138,149,99,173,119,169,90,94,148,121,198,55,221,140,148,172,176,159,220
135,65,133,89,126,135,93,95,65,119,114,137,151,99,172,120,170,90,94,148,121,199,55,219,142,147,171,177,160,218
135,65,131,90,125,133,94,95,66,120,113,138,151,99,172,120,169,90,92,148,120,197,53,219,142,149,171,176,160,220
135,65,132,91,125,133,93,95,64,121,115,137,149,100,174,119,170,90,92,146,119,199,54,219,140,148,171,177,158,220
134,66,133,89,126,134,93,95,65,120,113,139,150,100,172,120,171,91,92,148,121,199,54,219,141,148,172,176,160,220
134,67,131,91,126,134,93,94,66,121,115,137,150,99,174,119,171,89,93,147,120,199,55,219,140,149,171,178,160,219
135,66,131,91,126,134,92,94,66,121,114,139,151,100,172,120,169,91,92,146,120,197,54,219,142,148,173,176,158,218
158,52,163,74,169,122,135,79,90,59,51,28,203,80,235,94,221,68,144,134,85,168,84,216,190,139,198,179,172,216
159,52,163,75,170,123,134,78,89,59,50,28,202,81,235,95,221,68,143,135,85,168,83,215,191,140,199,180,173,217
157,53,164,75,169,122,134,78,91,60,50,29,203,79,236,95,220,69,144,135,86,167,84,216,189,138,197,180,173,215
157,52,163,75,170,121,135,78,89,60,51,28,203,81,236,95,220,69,144,135,86,169,83,216,191,138,199,178,173,215
158,52,163,74,168,123,134,79,89,59,50,27,203,81,236,95,221,69,144,133,86,169,83,215,191,138,197,180,172,216
157,51,162,74,170,122,135,79,89,60,52,29,202,81,235,95,222,68,145,135,85,167,83,215,189,140,197,178,173,217
159,51,164,74,170,122,136,80,90,60,50,27,204,80,236,95,220,69,145,133,86,169,83,217,191,139,199,178,171,215
159,53,162,73,170,123,134,79,91,59,51,28,204,79,235,94,221,68,145,135,84,167,85,216,191,138,198,179,172,216
159,51,162,75,169,121,135,80,91,58,50,28,204,79,235,95,220,69,143,133,84,168,85,215,190,139,197,178,171,215
159,51,163,73,170,121,134,79,91,58,51,28,204,81,235,95,222,67,143,134,84,168,85,216,189,138,197,180,171,215
159,51,163,74,170,121,134,78,89,59,51,29,202,80,235,93,222,67,143,134,85,167,84,217,189,139,197,179,171,217
159,51,164,75,170,121,135,79,90,59,50,29,203,79,235,94,221,68,145,133,86,169,84,215,190,138,197,180,171,216
157,52,162,75,169,122,134,78,91,58,51,28,202,79,236,93,222,67,145,134,85,167,85,215,190,139,197,180,172,215
158,53,162,74,169,122,136,80,90,59,50,27,202,81,234,93,222,69,144,135,86,169,83,217,190,138,198,180,172,215
158,51,163,73,170,122,134,80,90,58,50,28,204,80,236,93,222,67,143,133,84,169,84,217,191,138,197,180,173,217
158,51,163,74,168,123,134,80,90,59,51,28,202,79,234,93,220,68,145,135,84,167,85,215,191,140,198,178,171,215
157,53,163,74,168,122,134,78,91,60,50,29,203,80,235,95,222,69,143,135,86,169,83,217,190,138,197,178,172,216
158,52,163,73,168,121,136,79,91,60,50,28,202,79,234,93,221,69,145,134,84,168,84,217,190,140,199,179,172,217
158,52,164,75,169,123,134,78,89,58,51,28,203,81,236,94,222,67,145,133,84,169,85,216,190,139,199,180,173,217
158,52,162,75,168,123,134,79,89,58,50,27,202,80,234,95,221,68,145,135,84,168,85,216,191,140,198,180,173,217
159,53,162,73,169,122,135,80,89,59,51,28,204,81,235,93,220,69,144,135,84,169,84,217,191,138,197,180,172,217
158,53,162,73,170,122,136,78,89,58,50,27,202,81,234,95,221,69,143,133,86,169,84,216,190,138,198,178,172,216
158,52,163,74,168,123,135,80,89,59,50,28,204,81,235,93,221,69,145,133,85,168,85,215,190,140,197,179,172,217
158,51,164,74,169,123,134,78,90,60,50,27,203,80,234,95,222,69,143,135,85,167,83,215,190,138,197,178,172,217
158,51,164,75,168,123,134,78,89,58,51,28,204,80,235,94,220,69,144,135,85,168,84,216,189,139,199,178,172,216
158,53,162,74,170,121,136,78,89,58,50,28,203,79,235,95,222,67,145,134,85,169,84,215,190,140,199,178,173,215
158,53,162,73,170,122,136,79,89,60,52,27,203,79,234,93,220,67,143,134,85,167,84,216,191,139,198,179,171,217
158,51,164,74,170,123,135,78,91,59,50,27,203,81,234,94,222,69,145,135,85,167,83,217,189,140,197,180,171,215
159,51,163,74,169,123,135,79,90,58,51,29,202,79,234,95,221,69,145,135,86,169,85,217,190,138,197,178,173,215
157,53,163,73,169,122,134,78,91,60,52,29,204,81,235,94,220,69,145,135,85,167,84,215,191,140,197,180,173,217
157,51,163,75,168,121,136,79,89,59,52,29,202,80,235,93,220,68,144,135,86,168,84,216,189,138,199,180,172,217
159,51,164,75,169,123,134,78,91,58,50,29,204,79,234,95,222,69,143,135,86,167,85,217,190,139,198,179,171,215
159,52,162,75,168,121,136,78,91,60,50,27,202,80,234,94,221,69,144,135,85,167,83,216,191,138,197,179,173,216
157,52,163,73,168,122,135,78,91,59,52,29,202,80,236,93,222,68,145,134,85,168,85,216,191,140,199,178,172,217
158,53,164,75,170,121,135,80,89,59,52,29,204,79,236,93,220,68,144,133,85,167,84,217,191,138,197,178,173,215
158,53,162,74,170,123,136,80,89,60,51,27,203,80,235,93,220,69,144,133,86,168,84,216,190,140,199,179,172,216
158,52,162,74,168,122,135,79,89,60,51,28,203,80,235,94,222,69,145,134,85,168,83,217,189,139,197,178,172,216
157,53,164,74,168,122,136,79,91,59,52,29,202,79,235,94,222,68,145,133,84,169,83,216,190,139,197,178,173,215
159,51,164,75,168,122,134,79,90,60,51,27,204,80,235,95,220,67,145,135,84,169,83,215,191,140,198,179,173,215
158,52,164,75,169,123,134,79,90,59,52,29,202,80,236,95,220,68,145,135,84,168,83,217,189,139,198,178,173,215
157,51,162,75,169,123,134,79,91,58,52,27,202,79,236,94,222,68,145,135,84,168,85,215,189,139,198,179,171,215
159,51,162,74,169,121,134,79,89,60,52,28,203,81,236,94,221,69,143,134,86,169,83,215,190,139,198,180,173,217
159,51,162,74,169,123,134,78,91,60,52,29,202,79,236,93,221,67,144,133,85,168,84,215,191,140,197,178,173,215
159,51,162,73,170,123,134,80,90,58,50,29,203,80,236,95,220,69,143,134,86,168,84,217,191,140,198,180,172,216
158,53,163,75,169,121,134,80,89,58,51,28,203,79,236,93,221,68,144,134,86,167,83,215,190,139,198,179,171,216
159,53,162,75,168,123,134,80,91,58,50,27,202,80,235,94,221,69,143,135,85,168,85,217,189,140,199,179,171,216
158,52,163,74,168,123,134,78,89,59,52,29,204,81,235,94,221,69,145,133,86,169,85,217,191,140,197,180,173,215
158,52,164,74,170,123,134,80,91,59,51,28,202,81,235,94,222,67,145,133,84,168,84,217,191,139,198,180,173,215
158,51,164,74,170,121,135,78,91,59,51,29,203,81,235,94,221,68,143,135,86,167,85,215,189,139,197,180,173,215
158,51,163,73,168,121,136,80,91,58,52,27,203,79,236,95,222,68,143,135,84,169,85,215,191,139,199,179,172,217
118,43,120,66,118,114,85,66,42,47,75,26,155,69,199,54,171,28,94,128,75,160,40,207,144,127,162,172,180,210
117,42,119,67,118,114,86,67,41,46,75,27,154,70,199,54,170,29,94,129,74,160,40,208,144,127,162,171,179,210
118,42,120,67,117,114,84,65,41,47,75,27,154,69,198,53,172,28,94,129,74,159,41,207,143,126,163,171,180,209
118,43,119,65,118,114,86,67,41,48,74,27,154,70,200,53,170,28,94,127,74,161,41,207,143,128,162,173,179,211
117,44,119,65,117,113,85,67,41,48,75,26,156,68,198,53,170,28,93,127,75,159,41,208,143,127,162,173,179,209
118,42,120,66,118,115,86,66,42,48,74,27,155,69,198,53,172,28,94,129,74,161,41,208,144,128,162,171,180,211
117,44,120,65,117,115,85,67,43,47,76,25,156,68,200,53,170,29,94,129,76,161,41,206,144,126,161,172,180,211
118,44,121,66,117,113,84,67,42,48,75,25,154,70,199,55,172,27,93,128,74,161,39,207,143,128,161,173,181,209
119,44,121,67,117,115,86,67,43,48,74,25,155,70,198,55,171,29,94,129,76,160,41,207,143,126,162,172,180,210
119,43,121,66,117,115,85,67,42,47,75,27,156,69,198,55,172,29,94,129,76,160,41,208,143,127,163,173,180,211
118,42,120,66,118,113,84,67,42,48,76,26,155,68,200,54,172,27,95,129,76,161,39,207,145,126,161,171,179,211
119,42,120,65,117,115,85,67,43,46,74,26,156,70,198,55,171,29,94,127,75,159,39,207,145,127,162,173,179,210
117,43,120,67,118,115,85,66,43,48,74,26,156,70,198,54,172,29,95,127,76,159,39,208,145,128,162,173,179,209
118,42,121,67,117,113,86,65,41,47,75,25,154,68,200,55,171,27,94,129,75,160,41,208,144,128,162,172,180,210
117,43,119,67,117,114,84,66,42,47,76,27,154,69,200,53,170,27,94,127,75,161,39,207,143,128,163,173,180,209
118,42,119,66,119,115,86,65,43,48,75,27,155,69,198,54,171,29,94,127,76,161,40,208,143,127,163,171,181,209
118,42,120,65,119,115,84,67,41,47,74,26,155,70,200,53,170,27,94,129,75,160,41,206,143,127,163,171,179,210
117,43,119,65,119,115,84,67,42,47,75,26,155,70,199,55,170,29,94,128,74,160,41,206,144,128,161,171,181,210
117,43,120,67,119,114,85,67,43,48,76,27,154,70,198,54,172,29,95,128,74,160,41,207,145,126,162,172,180,211
119,42,119,66,119,115,86,65,41,48,74,26,156,68,199,53,170,27,93,128,74,159,39,208,144,128,162,172,181,210
117,43,119,66,117,114,84,66,43,47,74,26,156,70,199,55,170,28,94,128,74,159,39,208,145,126,163,173,179,210
117,43,120,66,117,113,84,66,43,47,76,26,156,68,200,55,171,27,95,127,75,161,39,206,143,127,162,173,180,211
117,42,119,65,117,114,86,67,41,48,75,25,156,69,199,54,170,29,95,128,76,159,41,208,143,128,161,173,180,210
118,42,119,66,117,114,86,67,42,46,76,26,154,69,200,53,170,29,94,128,76,161,41,208,143,126,163,172,180,209
118,44,119,67,118,114,84,66,41,47,76,25,155,70,199,55,172,28,94,128,75,159,39,207,145,128,163,171,180,209
118,44,120,65,118,115,84,66,43,46,74,26,155,69,200,53,171,28,93,128,74,161,41,206,145,126,161,173,181,209
119,43,121,65,117,115,85,66,43,47,75,27,155,68,198,55,170,27,95,128,74,161,39,206,143,126,163,171,181,209
119,42,121,66,119,114,86,66,41,47,74,25,154,68,199,54,170,29,94,128,75,159,39,207,144,126,161,171,181,210
117,44,121,67,118,113,84,65,41,48,76,26,155,69,200,55,172,28,95,127,76,161,39,208,145,127,162,173,181,210
118,43,121,66,119,114,86,65,43,47,74,27,156,69,199,53,172,27,93,127,76,159,39,208,145,127,161,171,181,210
118,42,119,65,118,115,85,66,41,47,75,25,156,69,200,53,172,27,95,128,75,160,40,207,144,127,161,172,180,211
117,44,120,67,119,115,85,67,41,46,75,25,154,70,200,55,171,27,93,129,76,159,41,207,144,126,161,173,181,210
119,42,120,65,118,113,86,67,42,46,74,27,156,68,198,53,171,27,93,127,75,160,39,206,143,126,163,172,180,209
117,43,121,66,117,115,86,65,42,46,75,25,156,69,199,55,172,27,95,127,76,161,39,207,144,127,162,172,180,209
117,44,120,66,119,115,84,65,41,48,75,27,156,70,200,53,172,29,95,129,75,159,41,207,144,128,163,172,179,210
119,43,120,67,119,115,84,65,41,48,76,25,155,70,199,53,172,29,95,129,75,160,40,207,144,128,162,171,179,210
117,44,119,67,117,114,86,65,43,46,74,25,156,70,198,54,171,28,93,127,74,159,41,208,143,128,163,171,180,210
118,44,120,65,119,115,84,67,43,47,74,25,156,68,198,54,171,27,93,129,76,160,40,206,144,128,163,171,181,209
117,43,120,67,117,114,84,65,41,48,75,26,154,69,198,55,172,27,94,129,74,161,39,207,143,127,162,172,181,210
117,43,120,65,118,115,85,65,41,46,74,26,155,68,198,53,172,29,93,129,74,160,40,207,145,127,161,171,181,211
117,42,120,66,117,113,84,65,42,48,74,26,155,69,200,55,171,28,95,128,75,159,40,207,145,128,162,172,180,210
119,43,119,66,118,115,84,65,43,47,74,25,156,70,198,53,171,29,94,129,76,160,40,206,143,128,163,172,181,211
119,43,121,66,118,113,84,66,43,46,76,27,155,70,198,54,170,27,94,127,75,159,41,206,144,126,162,172,180,211
118,42,119,65,118,113,85,66,43,47,76,25,155,69,198,53,171,29,94,127,75,159,39,207,144,128,161,171,181,211
118,43,120,65,119,113,85,67,43,47,76,25,155,70,199,53,172,29,95,128,74,159,39,208,145,126,163,171,179,211
118,43,120,66,119,114,86,65,42,46,75,27,154,68,200,55,171,29,94,127,74,161,39,207,145,128,163,173,180,209
117,42,120,67,118,115,84,66,42,48,74,27,156,68,198,54,170,29,93,127,75,160,41,207,144,126,162,172,180,211
117,43,121,66,119,115,85,67,43,47,76,26,154,70,200,53,170,29,95,128,75,159,40,208,143,127,163,171,180,211
119,42,119,65,117,113,86,66,42,46,75,26,154,70,199,53,170,29,94,128,74,159,40,208,143,128,163,173,180,210
118,42,119,65,119,115,84,66,43,48,74,26,154,68,198,55,170,28,93,129,76,161,39,207,145,127,162,172,180,211
113,35,114,51,115,105,81,66,52,75,69,38,153,59,172,70,113,58,102,122,107,174,120,225,146,115,161,158,217,213
113,35,115,52,114,106,81,67,52,75,69,37,152,58,172,71,112,58,102,121,106,174,120,226,147,115,160,159,217,213
112,34,115,51,114,104,82,66,53,74,68,37,153,58,172,69,113,59,101,123,107,173,119,225,145,114,162,159,216,214
112,34,115,50,114,105,81,66,52,74,68,38,154,58,171,69,112,59,102,121,107,174,120,225,146,114,160,159,216,214
113,35,113,52,115,105,80,67,52,75,68,37,154,58,173,70,113,58,102,121,106,173,121,226,147,116,162,157,218,212
113,35,114,50,116,104,82,66,52,74,70,37,154,60,172,69,113,57,103,121,107,173,120,224,146,114,161,157,216,213
112,34,113,50,115,106,81,65,53,75,68,37,152,60,173,70,112,59,103,121,108,175,121,226,147,114,161,157,217,214
112,35,114,52,116,104,80,65,53,74,68,37,152,58,172,69,113,57,101,123,107,174,119,225,146,115,162,159,218,212
113,36,114,51,116,106,81,65,51,75,68,38,154,58,172,69,114,58,102,123,106,174,119,225,147,116,160,159,217,214
113,34,114,52,114,106,81,67,51,74,70,38,153,58,172,71,114,59,101,121,107,175,121,224,147,116,162,157,217,213
114,36,115,51,116,104,80,65,53,76,68,39,154,58,172,71,114,57,103,121,106,173,120,226,146,114,162,158,217,212
113,34,115,51,116,105,82,66,51,75,70,38,154,58,172,71,114,58,101,123,108,175,119,225,146,116,162,159,218,214
112,34,113,52,116,105,81,65,52,75,70,37,153,58,172,70,114,58,102,123,106,173,121,226,147,116,161,158,217,212
114,34,113,50,114,104,81,67,52,75,70,37,154,60,173,69,113,58,101,122,108,174,121,224,146,114,161,159,218,213
113,36,114,50,116,105,82,65,53,75,68,38,154,58,173,71,112,57,102,121,106,174,120,226,146,114,162,159,218,213
113,34,114,52,114,104,80,67,51,76,68,39,154,60,171,70,113,57,102,123,106,175,119,225,146,115,162,159,216,213
112,34,113,51,114,104,80,66,52,76,70,38,154,58,171,69,112,57,101,122,108,175,121,225,147,115,161,159,217,214
114,36,114,51,115,104,81,65,52,76,68,37,152,59,173,70,113,57,101,123,107,175,121,225,145,114,161,157,218,214
113,36,114,50,115,104,82,65,52,75,69,37,152,60,173,69,112,59,103,121,107,173,120,225,146,116,162,157,217,212
114,36,114,52,114,105,81,65,52,76,70,38,152,60,172,70,114,58,101,121,106,174,119,224,145,115,161,159,218,212
114,36,113,51,115,106,81,67,51,74,70,37,153,59,172,69,112,57,101,123,108,173,119,226,146,115,161,159,217,212
112,34,113,52,116,105,81,65,51,74,68,39,153,60,171,69,113,58,102,123,107,173,121,224,146,116,161,158,216,213
113,36,113,52,114,105,81,65,51,75,69,38,154,59,172,69,113,59,102,123,107,174,121,224,146,115,161,157,218,212
113,34,115,50,115,104,81,67,52,74,68,39,152,59,172,71,112,59,102,123,107,175,120,225,146,114,162,157,218,214
114,35,114,50,114,105,82,65,51,75,70,39,154,59,172,71,113,57,102,123,108,175,119,224,147,115,162,158,216,214
113,34,114,50,115,104,82,66,53,74,68,38,152,60,172,69,114,57,102,121,108,175,121,225,145,114,162,158,217,214
112,36,114,52,114,105,80,66,53,75,70,37,153,60,172,71,112,58,102,123,106,173,120,225,146,116,160,157,216,212
112,36,114,50,116,105,82,65,53,75,70,38,154,60,173,70,112,58,103,123,107,175,119,224,146,116,162,159,217,214
112,34,114,52,116,106,82,65,52,74,70,39,153,60,172,70,112,58,102,121,107,174,121,226,146,116,160,158,217,213
114,36,114,52,115,105,82,66,51,74,70,37,154,59,173,71,112,57,101,123,108,173,119,224,145,116,161,157,216,214
112,35,113,52,116,104,80,67,53,76,70,37,154,60,171,69,112,59,103,122,108,175,119,224,147,114,160,158,217,214
112,35,113,52,115,104,81,65,52,75,69,37,152,60,171,70,114,58,101,122,107,175,119,225,146,114,162,157,218,213
113,35,115,52,114,106,80,65,51,76,70,38,153,60,171,69,112,58,103,123,107,175,120,224,146,114,160,157,218,212
114,36,113,51,115,104,80,66,52,76,70,37,153,59,172,70,114,58,103,121,108,175,120,226,146,114,162,157,218,214
112,34,115,50,116,104,81,67,51,75,68,38,154,59,172,70,113,59,103,123,108,173,121,226,146,115,161,157,216,214
114,34,114,51,115,106,80,65,53,74,69,37,152,60,171,70,113,57,101,122,108,175,120,225,146,116,160,158,216,213
112,35,113,51,115,104,80,65,51,75,69,37,153,60,171,71,112,58,102,122,107,174,120,226,147,115,161,157,216,214
112,35,113,51,116,106,82,66,51,74,69,38,154,59,172,71,113,59,101,122,108,173,120,224,147,114,161,157,216,213
114,34,114,52,114,105,82,67,51,76,68,39,152,60,173,69,113,59,102,122,107,173,121,224,146,114,162,158,216,214
112,36,115,50,114,104,80,67,51,76,69,38,154,58,172,70,114,58,101,121,107,174,120,225,145,116,161,159,218,213
113,34,115,52,114,104,82,66,53,76,70,37,152,60,173,69,114,57,103,123,107,174,119,224,146,114,161,158,217,212
113,34,115,50,116,105,82,65,53,74,69,39,153,59,172,69,113,57,103,121,108,175,121,224,146,116,162,157,216,213
113,34,113,52,114,106,82,66,53,74,69,38,154,59,171,70,113,58,101,121,108,175,120,224,146,116,162,159,216,214
112,36,113,50,115,106,82,66,52,75,69,37,153,60,172,71,112,59,102,121,108,173,119,224,146,115,160,159,216,212
114,34,114,52,115,104,80,66,51,74,70,39,153,58,171,69,114,58,101,123,106,173,119,226,147,116,160,159,216,212
113,34,115,50,114,104,82,65,51,76,69,38,153,60,172,71,113,58,102,121,106,175,121,224,147,114,160,159,218,214
113,35,114,50,115,105,82,65,53,75,69,39,152,58,171,69,113,57,103,121,108,175,120,225,147,114,160,159,217,212
112,34,114,52,116,105,81,67,53,74,68,38,152,60,171,70,113,58,102,121,108,174,119,226,147,114,160,157,217,213
114,35,114,52,115,106,81,65,52,76,69,37,154,58,173,70,114,58,102,121,107,173,119,224,147,116,162,158,216,213
112,34,113,51,115,105,80,65,53,76,68,39,154,58,172,71,114,59,103,122,107,174,119,224,147,116,162,159,216,214
131,40,134,61,138,117,94,74,46,64,95,53,169,74,175,98,196,80,117,127,113,174,49,217,157,127,161,175,157,221
130,41,135,61,138,117,95,75,45,64,94,53,169,75,174,99,197,80,116,126,112,173,48,217,158,128,162,175,156,221
131,40,134,62,137,117,93,73,47,65,94,52,169,74,176,97,197,79,117,126,114,175,48,217,156,128,161,174,157,221
131,40,134,62,137,117,95,73,47,64,95,53,169,73,176,99,197,81,116,127,112,174,50,218,158,127,160,176,157,222
130,40,133,62,139,116,94,73,46,63,96,54,170,75,175,99,195,80,117,127,114,175,49,218,156,126,161,176,157,222
132,39,134,62,137,117,94,75,46,63,95,54,168,73,175,97,195,81,117,126,112,175,49,216,157,128,161,174,157,221
131,41,134,60,137,118,93,75,46,65,94,54,170,75,175,97,197,79,116,128,113,173,49,218,156,128,161,176,156,220
131,39,133,60,139,118,95,75,45,64,96,53,170,75,175,97,197,81,116,127,114,175,49,217,156,128,162,174,158,221
132,39,135,60,138,116,95,75,45,64,95,53,168,73,174,97,197,81,117,128,112,175,48,217,156,126,161,175,158,220
131,41,133,60,139,117,95,74,45,63,94,54,170,74,176,99,196,80,117,127,114,175,49,218,157,127,160,176,158,220
132,41,134,60,138,117,93,74,45,65,95,53,168,74,176,99,195,79,117,128,113,174,49,218,158,128,161,176,157,221
131,41,135,62,138,116,93,74,45,63,96,53,168,73,176,98,195,79,117,126,112,173,50,216,157,126,162,176,157,220
131,40,135,60,137,118,93,75,47,64,94,54,168,73,174,98,196,81,116,127,112,174,50,216,156,128,161,176,156,222
132,39,135,60,138,117,93,74,46,65,95,52,168,75,174,97,197,81,116,126,114,174,48,216,158,127,160,174,158,222
132,40,134,61,139,116,93,74,45,65,95,53,169,74,176,99,196,80,116,128,114,173,50,218,156,127,162,174,157,220
132,41,134,61,138,116,95,75,46,63,95,53,170,75,174,97,197,79,116,126,113,175,50,218,156,126,161,174,158,221
132,41,134,62,137,117,93,73,46,63,94,54,169,74,176,99,195,81,116,128,112,175,48,217,156,126,160,174,158,220
131,39,135,61,139,116,94,73,46,63,95,52,170,74,175,99,196,81,118,126,113,174,49,216,156,128,161,176,156,221
131,40,135,60,137,117,95,73,47,63,94,52,169,74,176,98,195,79,118,127,113,174,50,216,157,126,160,175,156,220
130,40,134,62,137,116,94,74,45,63,94,52,168,74,176,98,197,80,118,128,112,175,48,218,158,126,162,174,156,222
131,40,135,60,137,117,95,75,45,64,95,53,169,73,174,98,195,81,118,127,113,174,49,216,158,127,162,175,158,220
132,39,133,60,139,116,95,74,46,63,96,52,170,74,175,97,196,79,117,126,113,174,48,216,156,127,161,176,158,220
130,41,133,60,137,118,93,75,45,64,95,52,168,74,175,98,196,80,118,126,114,173,49,218,156,128,160,174,158,221
131,39,135,62,137,116,95,75,45,64,95,53,169,74,175,98,197,81,116,128,113,174,48,217,156,128,160,174,156,221
130,41,133,62,138,118,93,75,45,64,96,54,169,74,174,99,195,80,118,128,113,174,49,216,158,126,160,176,156,220
131,39,135,60,137,116,94,75,46,63,96,52,168,75,176,98,196,81,117,126,113,175,50,216,156,126,161,174,156,221
131,40,134,61,137,116,93,73,46,63,96,54,168,75,174,97,196,79,117,128,112,174,49,216,158,126,161,174,156,220
132,40,133,60,137,118,95,73,45,65,96,54,170,74,175,99,196,81,118,126,112,173,48,216,157,126,162,174,158,221
131,41,133,62,138,118,94,74,45,64,96,54,170,75,175,97,197,79,116,127,112,175,50,218,157,126,161,175,156,222
130,40,135,60,137,118,94,74,45,64,94,54,169,74,175,98,195,80,116,128,113,173,48,217,156,127,160,174,156,221
130,40,133,60,138,116,95,74,47,65,94,53,170,74,175,97,197,81,117,126,112,173,49,217,157,127,162,176,157,222
132,39,133,62,138,118,95,74,46,63,95,52,169,74,175,97,197,80,118,126,113,173,49,217,156,126,161,176,157,220
131,41,135,62,139,116,94,75,46,64,95,54,169,75,175,99,195,80,118,128,113,175,49,217,158,127,161,176,158,220
132,39,134,62,138,118,95,74,47,63,94,53,169,74,176,98,195,80,117,128,113,175,48,217,156,126,160,174,157,221
130,40,133,60,138,118,95,75,46,65,95,54,169,75,174,99,196,80,116,128,114,175,48,217,156,126,160,175,158,220
132,40,134,62,138,118,93,75,46,63,95,52,168,73,175,97,197,79,117,128,114,174,48,217,158,126,162,174,157,221
131,40,134,60,138,117,95,73,47,64,94,52,170,73,175,99,197,79,116,127,114,173,49,218,158,127,160,176,157,221
131,40,133,61,139,116,93,75,45,65,96,52,170,73,174,98,195,80,117,126,114,175,49,216,157,127,161,176,158,222
130,41,134,61,139,117,95,74,46,63,96,54,170,74,175,99,195,80,116,128,114,174,50,216,156,127,161,176,157,222
130,41,134,61,138,118,94,73,45,63,95,53,170,73,174,99,197,81,117,128,112,174,50,216,156,127,160,174,157,221
130,40,133,60,139,118,93,73,45,64,95,52,168,73,176,99,197,79,118,128,113,174,50,218,156,126,162,176,156,222
132,41,134,61,139,116,94,75,45,63,96,54,170,73,175,99,196,80,117,128,112,175,49,217,156,128,161,176,157,222
130,41,134,60,138,116,93,73,46,63,96,54,168,74,174,97,196,80,116,126,113,175,50,216,157,127,162,176,158,221
131,39,133,61,138,117,95,74,46,64,96,52,168,75,174,98,196,80,116,126,114,173,48,217,157,128,162,175,158,220
130,41,133,61,137,116,95,75,47,63,94,54,169,75,174,98,195,79,116,128,114,174,48,216,158,127,160,174,157,220
132,39,133,60,139,116,95,73,47,63,96,54,169,75,174,97,197,80,116,126,112,173,50,218,158,128,162,174,156,222
130,41,133,62,137,118,93,73,45,65,95,52,170,75,174,99,195,79,116,127,112,173,49,217,157,128,160,174,157,221
131,41,134,62,139,118,95,73,45,64,95,53,170,73,176,99,195,79,116,127,114,174,50,218,156,126,162,175,157,221
132,41,134,62,138,116,93,73,45,64,94,54,168,74,176,98,197,80,118,128,112,173,48,218,156,127,161,176,158,222
130,41,135,60,137,117,95,75,45,65,96,53,169,73,176,98,195,79,118,127,113,175,49,218,158,128,161,175,156,222
86,63,104,82,133,132,80,99,82,126,26,137,138,80,177,77,150,40,115,142,63,170,80,218,161,132,172,180,170,229
86,64,105,82,132,131,79,99,81,127,26,138,139,80,176,76,149,39,116,142,63,171,80,217,160,131,173,180,171,228
85,63,105,81,133,131,81,99,83,126,27,137,139,80,177,78,150,41,115,143,63,171,81,218,161,131,171,180,169,229
86,64,103,81,134,131,80,100,81,125,26,138,139,81,178,78,149,41,114,141,62,170,81,217,160,131,172,180,169,229
85,64,103,81,133,133,80,100,83,126,27,137,138,79,176,77,149,39,115,143,62,170,81,217,160,132,172,179,170,228
87,63,103,81,132,132,80,100,83,127,25,138,138,79,178,78,151,39,116,143,63,171,80,217,161,132,172,181,171,229
85,64,104,82,133,133,79,100,81,125,26,137,137,81,177,77,151,40,116,143,64,171,79,218,160,131,171,180,169,229
86,64,104,83,132,133,80,98,81,125,27,137,139,81,176,78,151,39,116,142,64,170,80,218,160,131,171,180,170,228
85,64,103,83,134,131,79,99,81,126,26,138,137,79,177,78,150,40,114,141,63,170,80,219,162,131,173,179,171,228
85,64,103,82,132,132,81,99,82,126,27,138,137,81,178,77,149,40,114,142,62,169,80,219,162,131,171,179,169,229
85,63,103,83,134,131,80,99,82,126,27,136,137,79,178,77,151,40,115,141,62,170,79,219,162,133,172,179,171,228
86,63,104,81,132,132,81,99,83,125,25,137,137,79,177,78,150,41,114,142,63,170,81,218,162,131,172,180,170,228
86,64,104,81,133,131,80,99,82,126,26,138,138,80,176,78,150,39,114,141,64,171,79,218,161,132,171,179,171,228
85,62,104,83,132,131,80,98,81,127,25,137,137,80,176,78,149,41,114,143,64,171,80,217,161,133,172,180,170,229
86,64,104,81,133,132,79,100,82,127,25,138,139,81,177,77,149,41,115,142,62,171,80,219,162,132,172,181,169,228
87,64,103,81,134,132,81,99,83,125,26,136,138,80,178,76,150,40,115,143,62,171,79,217,162,132,172,180,171,230
85,62,103,82,132,132,79,98,83,127,25,137,137,80,176,77,149,40,116,142,64,169,79,219,162,131,171,179,170,228
86,62,103,81,133,131,79,100,82,126,27,137,138,79,178,76,149,41,115,142,64,169,79,219,160,132,171,179,170,228
87,62,105,83,134,132,81,100,81,126,26,137,139,80,177,77,151,39,116,142,63,171,80,218,160,133,172,180,171,228
87,62,105,82,134,131,81,100,81,127,27,137,138,81,178,78,149,39,115,142,63,170,80,217,161,131,171,179,171,228
85,63,104,83,134,131,81,99,83,126,27,137,137,80,178,77,151,41,116,142,63,171,79,217,161,132,171,180,170,230
85,64,105,82,133,132,81,99,83,127,26,137,139,79,176,76,150,40,116,142,64,170,81,218,162,131,172,179,170,230
87,64,104,82,132,133,80,100,83,127,27,138,138,80,178,76,150,41,115,141,64,170,80,218,162,133,173,180,169,228
87,63,103,81,134,133,81,98,83,127,27,137,137,80,176,78,149,40,116,141,63,169,79,218,162,131,171,180,171,230
87,63,104,82,133,131,79,99,83,126,27,136,137,81,178,77,149,39,116,143,64,171,81,218,161,131,172,181,171,229
85,63,103,81,134,131,80,100,81,127,27,136,139,81,177,77,150,39,114,143,63,171,79,217,160,132,172,179,171,228
87,62,105,81,132,132,80,99,82,127,27,136,137,80,178,77,150,39,114,141,63,169,80,219,160,133,173,181,171,230
86,64,103,82,132,131,79,100,81,127,25,137,139,81,176,76,151,40,116,142,62,171,80,218,161,133,171,181,169,229
86,64,104,81,133,132,79,99,82,127,25,138,138,81,177,76,149,39,114,142,63,169,80,218,161,132,172,181,169,230
85,63,105,81,134,132,80,100,83,126,26,138,138,81,177,78,149,39,116,141,64,171,79,218,162,133,171,181,171,230
86,64,103,81,134,133,81,98,82,126,26,137,139,81,178,78,149,40,114,142,62,170,81,219,162,133,171,181,171,229
86,62,105,82,132,131,81,99,83,126,27,138,139,79,176,77,149,40,115,143,64,171,79,218,161,133,172,181,170,229
85,64,104,81,132,132,79,99,82,127,26,136,137,81,178,76,149,39,115,142,63,169,80,218,162,131,173,179,171,230
85,63,103,81,132,133,80,99,82,125,25,137,138,81,176,76,151,41,116,141,62,171,81,218,162,131,173,181,170,229
85,62,105,81,132,131,79,99,82,125,27,137,137,81,177,77,151,40,114,141,62,169,80,217,161,133,172,180,171,228
85,64,105,83,134,133,81,100,83,127,26,136,138,79,176,77,151,40,115,141,62,170,79,219,162,132,172,179,171,229
86,63,105,83,134,133,79,98,82,127,25,137,139,81,178,77,149,39,116,142,64,170,80,217,160,131,173,180,170,230
85,63,103,82,134,132,80,98,82,127,25,137,139,81,178,76,149,40,115,143,64,170,81,219,161,131,173,179,169,228
87,64,105,81,133,131,81,98,82,127,25,136,138,80,178,77,150,40,116,143,63,169,79,218,161,133,171,180,169,230
86,64,105,81,134,133,79,100,81,125,25,137,139,81,178,76,149,39,114,141,63,171,81,219,162,133,172,181,171,230
87,63,105,82,134,133,81,99,83,126,27,138,137,79,178,76,151,41,114,141,64,171,81,218,160,133,172,180,170,228
85,63,104,83,133,133,79,99,82,125,27,138,138,79,177,76,149,40,115,141,63,170,81,218,160,131,172,179,170,229
86,62,103,83,133,132,79,98,83,126,27,138,138,81,176,77,150,40,115,142,63,171,80,217,162,133,173,181,170,229
85,64,105,81,133,131,80,100,81,125,26,137,137,79,177,76,151,39,115,142,63,169,81,218,162,133,172,180,171,230
85,62,105,83,134,131,80,100,83,126,25,138,138,80,176,76,149,39,116,141,64,169,79,219,161,131,172,181,170,229
87,62,104,81,134,133,81,99,83,127,27,138,139,81,178,77,150,41,114,143,63,171,81,218,160,132,173,181,169,229
86,62,104,83,132,133,80,100,81,126,25,136,137,79,176,76,150,39,115,143,63,169,79,218,161,131,172,179,169,229
86,63,105,82,133,133,79,100,82,127,26,137,137,79,177,77,149,40,115,142,64,171,81,218,160,133,171,181,171,228
86,63,105,81,133,132,80,100,81,126,26,136,137,81,176,78,151,41,114,141,63,171,80,219,162,131,173,180,170,229
85,64,104,82,133,132,81,100,82,127,26,136,139,79,177,77,151,41,116,143,62,170,80,219,162,132,171,181,170,228
